model,training_seed,shape,mae,relative_l2,max_abs_error,p95_abs_error,p99_abs_error
fine_control,41,slit_bridge,0.09622738784929184,0.8551622213718783,0.740804563742131,0.45077563757637107,0.6119854112318714
fine_control,41,three_hole_asymmetric,0.08737585329726177,0.9917930346970723,0.815429866645718,0.42098520872759765,0.6530895091139607
fine_control,42,slit_bridge,0.09870035608753894,0.8736932156456434,0.7419381223991514,0.45985317746555665,0.6000507081950779
fine_control,42,three_hole_asymmetric,0.09002751667353298,1.0260816039211222,0.8216706786735449,0.43399289323223456,0.6535568032151202
fine_control,43,slit_bridge,0.09672644656662685,0.8468227826514279,0.8344993379013613,0.42921111216746793,0.6087417590949623
fine_control,43,three_hole_asymmetric,0.09082097668986816,1.0149040454655276,0.9574450293287736,0.4194768756942085,0.6471415723101451
fine_control,44,slit_bridge,0.09825919403831476,0.8658311839555197,0.7756604015897028,0.4505975302003208,0.6205250497693775
fine_control,44,three_hole_asymmetric,0.0908337095227811,1.0123149847578186,0.8059010200278135,0.4265122598083508,0.640513676917704
fine_control,45,slit_bridge,0.09913491108794448,0.8599124597058896,0.8478981669252971,0.43696151342461237,0.6272398110209612
fine_control,45,three_hole_asymmetric,0.09147828910817093,1.0024589116992737,0.897019422477897,0.4112911126873769,0.6427989546004679
fine_control,46,slit_bridge,0.09799959212680448,0.8762118687812164,1.1062609306091327,0.44031341818194053,0.6246244634689352
fine_control,46,three_hole_asymmetric,0.09078515735368688,1.0157636428381147,1.086162538559147,0.42101134281742814,0.6424709842564222
fine_control,47,slit_bridge,0.09748473109911143,0.8618901895279497,0.7662469516694546,0.4471827196533195,0.6235472977503084
fine_control,47,three_hole_asymmetric,0.08856120237596166,0.9870874074980359,0.8158661261049565,0.4140773500509931,0.6288964523967913
fine_control,48,slit_bridge,0.09751310403827725,0.8423054122278636,0.7230406074598431,0.4379769090262562,0.5732803097061111
fine_control,48,three_hole_asymmetric,0.09087472140806156,1.0072267184812114,0.799941417996306,0.4218236863307175,0.6253963222840099
fine_control,49,slit_bridge,0.09395023637385222,0.8535771837986347,0.8099526716588161,0.4515292324904294,0.6269059727997808
fine_control,49,three_hole_asymmetric,0.0839554926914999,0.9843708775005153,0.8745845866023592,0.40275276554752054,0.6621040933015867
fine_control,50,slit_bridge,0.1013437850493092,0.8940837605689492,0.7314980674162507,0.47730162144449423,0.606159304622997
fine_control,50,three_hole_asymmetric,0.09211597375922105,1.0383083865892957,0.7961104378837627,0.43658082452942837,0.6556107221789422
fine_control,51,slit_bridge,0.09592967012779251,0.8497990303742029,0.8535694230389345,0.44063328535652546,0.6174608048478255
fine_control,51,three_hole_asymmetric,0.08569669954403919,0.9646268884045266,0.8202831095177681,0.403882223341916,0.6224265851984633
fine_control,52,slit_bridge,0.09886188076109961,0.8652902831963868,0.7404277262091636,0.4639670040070632,0.5944906708118503
fine_control,52,three_hole_asymmetric,0.09061920603439137,1.008177410617315,0.808899113239022,0.4355080901810652,0.6318618882614679
fine_control,53,slit_bridge,0.10000040766780616,0.8568655146981508,0.7403211110364646,0.445469999032357,0.5814076601536651
fine_control,53,three_hole_asymmetric,0.0918199884422293,1.0114441443804003,0.8203707291037426,0.43183889138366793,0.6248065407087485
fine_control,54,slit_bridge,0.10058982056755095,0.8648153009028745,0.726388751771301,0.4550715141172259,0.5834890699092645
fine_control,54,three_hole_asymmetric,0.09354086434013816,1.0229984863336183,0.7869995385222137,0.4249972964045446,0.6275607664183187
fine_control,55,slit_bridge,0.09969387067915539,0.8652247060166378,0.7394276701658964,0.44881666773580947,0.606737869682256
fine_control,55,three_hole_asymmetric,0.09003420293677954,0.9973444417142884,0.8025687473639845,0.41841029745189645,0.6245587501756742
fine_control,56,slit_bridge,0.10213067796138137,0.8816758611662956,0.7242831672774628,0.4715932452818379,0.590299711536907
fine_control,56,three_hole_asymmetric,0.09368383976274966,1.0335956517478542,0.8016336718806997,0.4328261198090149,0.6480539352941557
fine_control,57,slit_bridge,0.1015603873630061,0.8642544060959616,0.7345240901783109,0.4492373477374349,0.5940686328441659
fine_control,57,three_hole_asymmetric,0.09538586448687565,1.01869505112008,0.804379608669551,0.4275053638202462,0.6221063600057238
fine_control,58,slit_bridge,0.10045600407000758,0.8660058015321124,0.7356744376849383,0.4510740530060866,0.5901003804017234
fine_control,58,three_hole_asymmetric,0.09516246943876241,1.0358744633936372,0.7867267194483429,0.4237969478602872,0.6281778231340575
fine_control,59,slit_bridge,0.10370710146321935,0.869408658275252,0.7296307953167707,0.4436078355152131,0.5998097839175605
fine_control,59,three_hole_asymmetric,0.09696322954504916,1.0203015948713912,0.783383038629545,0.418359752267661,0.624599955762929
fine_control,60,slit_bridge,0.1026459422039866,0.8986965952376853,0.8028050100957626,0.4708097364826972,0.617203813619504
fine_control,60,three_hole_asymmetric,0.09427059597460674,1.0591716815588443,0.8722175263563986,0.4462240268701225,0.6599968912442051
mesh_gnn,41,slit_bridge,0.05561083394300778,0.5679226402689137,0.6636915975809097,0.27273531437080234,0.5274690481200811
mesh_gnn,41,three_hole_asymmetric,0.05467728695858472,0.7383033732543598,0.7808570191636681,0.26320370604681553,0.6028008196128645
mesh_gnn,42,slit_bridge,0.061577037452078404,0.5708667839413003,0.6459399366378784,0.26458810300759067,0.5071107986820858
mesh_gnn,42,three_hole_asymmetric,0.061119879663549787,0.7471909237090739,0.7724858625233173,0.25954139811270577,0.5903843749374204
mesh_gnn,43,slit_bridge,0.0584851346025048,0.5654982409186614,0.652937454013154,0.26956863918647284,0.5142406859784383
mesh_gnn,43,three_hole_asymmetric,0.05821566206212347,0.7456867660334763,0.7782235884666443,0.269742006936608,0.5963791369352834
mesh_gnn,44,slit_bridge,0.06328014588982994,0.5889257936486949,0.660856199581176,0.27627740115244703,0.524385839400347
mesh_gnn,44,three_hole_asymmetric,0.06350462121749621,0.7763149319280009,0.7963868375308811,0.27063553013910674,0.616679104633134
mesh_gnn,45,slit_bridge,0.05832587926367221,0.5799113539983337,0.6783913389546796,0.27997438621312537,0.5304498041578841
mesh_gnn,45,three_hole_asymmetric,0.056331815686640974,0.7570376139430347,0.7984099452785449,0.2749007583100933,0.6157299230574022
mesh_gnn,46,slit_bridge,0.058716912574845466,0.5693595852884437,0.6618557478114963,0.26879202165230703,0.5260752346231599
mesh_gnn,46,three_hole_asymmetric,0.059772980031168634,0.744954399716607,0.7801797488890588,0.2593316214827291,0.5961781569868322
mesh_gnn,47,slit_bridge,0.06083973283600949,0.5912032282550441,0.6840690540522337,0.28646343830419935,0.5381259992669798
mesh_gnn,47,three_hole_asymmetric,0.059873109736588506,0.760300052934982,0.7956857971847058,0.27445411596780445,0.6137978893310496
mesh_gnn,48,slit_bridge,0.06183307427859839,0.5883521629137609,0.679969505276531,0.27559848622209754,0.5382746363338079
mesh_gnn,48,three_hole_asymmetric,0.06002804235361939,0.7710968338602794,0.8128236644528806,0.2690752787745623,0.6271289731590072
mesh_gnn,49,slit_bridge,0.06057611660287224,0.5758541070291519,0.6612916053831577,0.2738131998108656,0.5245008623935279
mesh_gnn,49,three_hole_asymmetric,0.060479975218072524,0.7576481844403692,0.794744972884655,0.2619808400551994,0.6117477533649648
mesh_gnn,50,slit_bridge,0.05915312691343478,0.5754736393994212,0.6708066499698907,0.2727268543130412,0.5314091907506806
mesh_gnn,50,three_hole_asymmetric,0.05837919612257576,0.7496831960414884,0.7919710339605808,0.2609441140764374,0.6115674333628263
mesh_gnn,51,slit_bridge,0.06276630577422697,0.6078919778606171,0.7013811597414314,0.2935702928416503,0.5594260244611647
mesh_gnn,51,three_hole_asymmetric,0.06050262677200557,0.7911865261752908,0.8335817069001495,0.28435484539352723,0.6498724027499552
mesh_gnn,52,slit_bridge,0.06152526626068499,0.5739522863692974,0.651289772875607,0.26809839102174005,0.517362687473185
mesh_gnn,52,three_hole_asymmetric,0.061586452667596714,0.7437533756301238,0.7657509088516236,0.2529643380004472,0.5853913854211563
mesh_gnn,53,slit_bridge,0.059573433096787295,0.5830944631398783,0.6744389227963984,0.2832456697591078,0.5336613322813061
mesh_gnn,53,three_hole_asymmetric,0.05741358219362243,0.7530181867641622,0.7979557297378779,0.27039175482822425,0.6141191395097407
mesh_gnn,54,slit_bridge,0.06639785858138408,0.6085652848139832,0.6727886055735871,0.28934219797480176,0.5388943521720353
mesh_gnn,54,three_hole_asymmetric,0.06687663385818014,0.7827897117827896,0.788918843921274,0.2747691065214644,0.6064784002478695
mesh_gnn,55,slit_bridge,0.0647712997016305,0.5936609724752238,0.6648730776961019,0.27512516612973337,0.5243631526250389
mesh_gnn,55,three_hole_asymmetric,0.06147144034100491,0.7696043897127912,0.7985191491618753,0.26761788633895317,0.6170604487005616
mesh_gnn,56,slit_bridge,0.06328232332174613,0.5909511447664297,0.6585562227293849,0.2823018491042967,0.5200873331930485
mesh_gnn,56,three_hole_asymmetric,0.060953835644155234,0.7765345057155081,0.8027884247153998,0.28154242083413916,0.6200694291394897
mesh_gnn,57,slit_bridge,0.05929008467863008,0.5789326203151179,0.6654934976622462,0.27915331237883945,0.5275195864727718
mesh_gnn,57,three_hole_asymmetric,0.057783713127072554,0.7505603193454087,0.7921776275336743,0.2691698940638798,0.6108894778417884
mesh_gnn,58,slit_bridge,0.0603581055557789,0.5854746367056939,0.6739531014859677,0.27832095903477233,0.5338515577763315
mesh_gnn,58,three_hole_asymmetric,0.05969147834286361,0.759677392146545,0.793723420612514,0.263935746854861,0.6118705463279033
mesh_gnn,59,slit_bridge,0.06561842946902978,0.5986799273430153,0.6779439156502485,0.2803786260472407,0.5409841627273706
mesh_gnn,59,three_hole_asymmetric,0.06619083944539464,0.7826265970057535,0.8018229882791639,0.27003130791074453,0.624313533449545
mesh_gnn,60,slit_bridge,0.05885242159594441,0.5749260661123634,0.682170123886317,0.2712704122252762,0.5360274980375539
mesh_gnn,60,three_hole_asymmetric,0.05782156664871123,0.7501720638595265,0.7969076831359416,0.26102848557601643,0.6103658523485059
residual_v2,41,slit_bridge,0.06499035898219674,0.6500266177897869,0.7308532442525029,0.3233551050454116,0.5857822214867916
residual_v2,41,three_hole_asymmetric,0.06352595661209104,0.8174975822003533,0.8096571090631187,0.30635579804371443,0.6306793686086307
residual_v2,42,slit_bridge,0.06303464401643037,0.6251476488684318,0.7167297185771168,0.30411814641585805,0.5637138084108007
residual_v2,42,three_hole_asymmetric,0.05893689521326482,0.7892532693204412,0.8149304052628576,0.27751724231004116,0.6288110358947884
residual_v2,43,slit_bridge,0.06342606317450446,0.6449439450764958,0.7449733552429825,0.3201153003735453,0.590940647902898
residual_v2,43,three_hole_asymmetric,0.06075044586384008,0.7953582419034003,0.8120423052366823,0.2891073815275194,0.6263511745873833
residual_v2,44,slit_bridge,0.0682523409442499,0.6595429760407605,0.745926669370383,0.3199771923042135,0.5858974256813522
residual_v2,44,three_hole_asymmetric,0.06454079096063771,0.8124707305902941,0.8025691084749996,0.29892379829787386,0.6235252993428143
residual_v2,45,slit_bridge,0.06569423690564741,0.6797960919238943,0.774936503637582,0.3418276222261193,0.6316307524046857
residual_v2,45,three_hole_asymmetric,0.06046483699225904,0.8263011365182041,0.8446971902996302,0.3031247744892516,0.6616332696506282
residual_v2,46,slit_bridge,0.06786383852582842,0.6593443191553725,0.7501837711315602,0.3215864654979669,0.5989056773567568
residual_v2,46,three_hole_asymmetric,0.06324152346739054,0.8147233238993995,0.8194733762089164,0.28844136076892024,0.6389954537348816
residual_v2,47,slit_bridge,0.07160788025376802,0.7117999504406015,0.7888159216195345,0.3593807995522729,0.65117752299644
residual_v2,47,three_hole_asymmetric,0.06634398847062623,0.8630079092528178,0.8686405035294592,0.31009650260390115,0.6862242984920734
residual_v2,48,slit_bridge,0.06886938255445407,0.6664789411173889,0.7408339393418282,0.3243571867739956,0.5964624144900587
residual_v2,48,three_hole_asymmetric,0.06643494954166038,0.8303928505731015,0.8263450449611992,0.2890936172215697,0.6317134267122013
residual_v2,49,slit_bridge,0.06926277789872753,0.6723496297304875,0.7386257833708078,0.3292213123381225,0.5981818652953949
residual_v2,49,three_hole_asymmetric,0.06471176053155141,0.8358814041746423,0.8366087920032441,0.3067756904870293,0.6448480313718313
residual_v2,50,slit_bridge,0.06317855240733757,0.6475468826469453,0.7398434089496732,0.3228967110447411,0.5952018156778064
residual_v2,50,three_hole_asymmetric,0.05631561538413598,0.7741361227544792,0.8110403309762478,0.271457772927024,0.6255576898530121
residual_v2,51,slit_bridge,0.06905902108295967,0.6714846669034147,0.7414747832342983,0.32614012575679224,0.5987103081741367
residual_v2,51,three_hole_asymmetric,0.070112306963398,0.8542323583142017,0.8166106684133411,0.3110195479026879,0.63677118424233
residual_v2,52,slit_bridge,0.06455643440572494,0.6562213547232518,0.7464794950373471,0.3280699569301214,0.6007382052354511
residual_v2,52,three_hole_asymmetric,0.0607882613335437,0.8130598396676519,0.8283987843059003,0.2944155166509517,0.6443835520669812
residual_v2,53,slit_bridge,0.06663648669373683,0.6559237174236274,0.7386407248396426,0.3218718949095637,0.5840667764251115
residual_v2,53,three_hole_asymmetric,0.06475969404171876,0.8377574423536032,0.8319091628398746,0.31066964979814654,0.6396932345204981
residual_v2,54,slit_bridge,0.06951197681673013,0.68385274008549,0.7592037234455347,0.3379041043961479,0.6111263876650479
residual_v2,54,three_hole_asymmetric,0.062208528952799054,0.8266115371187044,0.834232036024332,0.3016510000069684,0.6531164132626722
residual_v2,55,slit_bridge,0.06709355602615033,0.6571787015321567,0.7347144389711321,0.326736963019066,0.5932570423474531
residual_v2,55,three_hole_asymmetric,0.0639681094414254,0.806585498273428,0.8052169689722359,0.29513585770117057,0.6211410098127085
residual_v2,56,slit_bridge,0.0690995803560364,0.666049782717952,0.7216670737974346,0.32194792390975635,0.5818342017177489
residual_v2,56,three_hole_asymmetric,0.06797731466334413,0.8405250417409771,0.7985980368964374,0.31470203495849997,0.6209399400297548
residual_v2,57,slit_bridge,0.07084847508715655,0.6851865946534902,0.7654997177422047,0.3399764845173195,0.6195346946492787
residual_v2,57,three_hole_asymmetric,0.06878178210177832,0.8528965391423367,0.8333854757249355,0.3156646513653504,0.6502407659776503
residual_v2,58,slit_bridge,0.07009610742697107,0.6751382787840405,0.7453049318306149,0.3268315393019657,0.6059590670778412
residual_v2,58,three_hole_asymmetric,0.06811891424337427,0.8326973885721307,0.8045319051016122,0.30213967346278875,0.6209459190741176
residual_v2,59,slit_bridge,0.07166215193817041,0.6993623531308851,0.7644540673773735,0.35505816655640954,0.6174763915725048
residual_v2,59,three_hole_asymmetric,0.06542238983649329,0.8444461037411728,0.823478185813874,0.32635037607753475,0.6309816518629081
residual_v2,60,slit_bridge,0.06964923708603638,0.6903371405989869,0.7670894145965577,0.338208945161241,0.6194681327836584
residual_v2,60,three_hole_asymmetric,0.06454585175965248,0.8376849840080047,0.8329008719325066,0.3027008361961634,0.6497629705951543
