dataset,seed,shape,method,meshes,num_nodes_mean,num_nodes_sd,num_nodes_min,num_nodes_max,num_triangles_mean,num_triangles_sd,num_triangles_min,num_triangles_max,fine_undirected_edges_mean,fine_undirected_edges_sd,fine_undirected_edges_min,fine_undirected_edges_max,imbalance_ratio_mean,imbalance_ratio_sd,imbalance_ratio_min,imbalance_ratio_max,part_size_cv_mean,part_size_cv_sd,part_size_cv_min,part_size_cv_max,edgecut_mean,edgecut_sd,edgecut_min,edgecut_max,disconnected_part_count_mean,disconnected_part_count_sd,disconnected_part_count_min,disconnected_part_count_max,extra_component_count_mean,extra_component_count_sd,extra_component_count_min,extra_component_count_max,coarse_undirected_edges_mean,coarse_undirected_edges_sd,coarse_undirected_edges_min,coarse_undirected_edges_max,partition_seconds_mean,partition_seconds_sd,partition_seconds_min,partition_seconds_max,repair_seconds_mean,repair_seconds_sd,repair_seconds_min,repair_seconds_max,moved_unique_nodes_mean,moved_unique_nodes_sd,moved_unique_nodes_min,moved_unique_nodes_max,moved_fraction_mean,moved_fraction_sd,moved_fraction_min,moved_fraction_max,minimum_angle_deg_mean,minimum_angle_deg_sd,minimum_angle_deg_min,minimum_angle_deg_max,aspect_ratio_mean_mean,aspect_ratio_mean_sd,aspect_ratio_mean_min,aspect_ratio_mean_max,aspect_ratio_max_mean,aspect_ratio_max_sd,aspect_ratio_max_min,aspect_ratio_max_max,triangle_area_cv_mean,triangle_area_cv_sd,triangle_area_cv_min,triangle_area_cv_max,repair_sample_rate
development,41,annulus,bfs_connected,10,744.4,152.0081869140241,560.0,931.0,1308.3,297.8922437541617,942.0,1676.0,2052.7,449.86789418919665,1502.0,2607.0,1.5195456594909644,0.1576810890532618,1.2857142857142858,1.8009787928221859,0.3176422064155847,0.0715106882505219,0.21180842561962482,0.41189319392355567,364.1,48.00104165536411,301.0,432.0,0.0,0.0,0.0,0.0,0.0,0.0,0.0,0.0,31.3,0.6749485577105528,30.0,32.0,0.005778223602101206,0.001181415737008941,0.004279129672795534,0.007190281059592962,0.0,0.0,0.0,0.0,0.0,0.0,0.0,0.0,0.0,0.0,0.0,0.0,0.5644343639188266,0.5434414893254899,0.012696319939127029,1.7563038115803324,4.328049661778463,2.3905672231574817,3.1317972484274126,10.769082429233496,965.3186557684403,2012.0166806669679,32.95742777956531,6447.9853746811505,0.9878465846212603,0.035674312122646976,0.9339496459808375,1.037072435082091,
development,41,annulus,parmetis_raw,10,744.4,152.0081869140241,560.0,931.0,1308.3,297.8922437541617,942.0,1676.0,2052.7,449.86789418919665,1502.0,2607.0,1.0187755278888435,0.0067009047701881985,1.0074962518740629,1.0285714285714285,0.013597547448525977,0.0027754639144073182,0.010636949851252842,0.02086562123829204,265.7,33.08591509657513,221.0,301.0,0.0,0.0,0.0,0.0,0.0,0.0,0.0,0.0,25.9,1.66332999331662,23.0,28.0,0.4439425959251821,0.003292460469781179,0.43797799199819565,0.44863031106069684,0.0,0.0,0.0,0.0,0.0,0.0,0.0,0.0,0.0,0.0,0.0,0.0,0.5644343639188266,0.5434414893254899,0.012696319939127029,1.7563038115803324,4.328049661778463,2.3905672231574817,3.1317972484274126,10.769082429233496,965.3186557684403,2012.0166806669679,32.95742777956531,6447.9853746811505,0.9878465846212603,0.035674312122646976,0.9339496459808375,1.037072435082091,
development,41,annulus,parmetis_repaired,10,744.4,152.0081869140241,560.0,931.0,1308.3,297.8922437541617,942.0,1676.0,2052.7,449.86789418919665,1502.0,2607.0,1.0187755278888435,0.0067009047701881985,1.0074962518740629,1.0285714285714285,0.013597547448525977,0.0027754639144073182,0.010636949851252842,0.02086562123829204,265.7,33.08591509657513,221.0,301.0,0.0,0.0,0.0,0.0,0.0,0.0,0.0,0.0,25.9,1.66332999331662,23.0,28.0,0.44779755608178673,0.003584843516922525,0.44073290191590786,0.45167052233591676,0.003854960156604648,0.0009977272757945156,0.0024730581790208817,0.005197952035814524,0.0,0.0,0.0,0.0,0.0,0.0,0.0,0.0,0.5644343639188266,0.5434414893254899,0.012696319939127029,1.7563038115803324,4.328049661778463,2.3905672231574817,3.1317972484274126,10.769082429233496,965.3186557684403,2012.0166806669679,32.95742777956531,6447.9853746811505,0.9878465846212603,0.035674312122646976,0.9339496459808375,1.037072435082091,0.0
development,41,l_shape,bfs_connected,10,778.8,106.61957293730515,605.0,916.0,1399.5,212.76447594046854,1053.0,1671.0,2177.3,319.3827553961617,1657.0,2586.0,1.2625165086657788,0.08162526445932175,1.1576227390180878,1.3793103448275863,0.20192735308367626,0.02501305796771432,0.15056419832252316,0.24925415231785517,403.6,32.95518842981245,353.0,450.0,0.0,0.0,0.0,0.0,0.0,0.0,0.0,0.0,31.9,0.9944289260117531,31.0,34.0,0.005931064207106829,0.0008461642272645708,0.004739129915833473,0.007159550208598375,0.0,0.0,0.0,0.0,0.0,0.0,0.0,0.0,0.0,0.0,0.0,0.0,0.42638523845930393,0.5785272181980357,0.031543292178182955,1.6772518402858543,3.991881708587804,0.9085733850995165,3.0314005945738707,6.073186092936173,828.1259483641136,958.4800823541233,41.797449251302986,3339.3274337435755,0.9028741980150226,0.03192887654214072,0.8617439467746302,0.9433523479395195,
development,41,l_shape,parmetis_raw,10,778.8,106.61957293730515,605.0,916.0,1399.5,212.76447594046854,1053.0,1671.0,2177.3,319.3827553961617,1657.0,2586.0,1.0164130993555804,0.007937343463121534,1.0049586776859505,1.0282776349614395,0.013417558623693126,0.0020997979303077705,0.010084720859207436,0.01658047865973995,278.7,22.662009325447436,238.0,310.0,0.0,0.0,0.0,0.0,0.0,0.0,0.0,0.0,30.9,0.7378647873726218,30.0,32.0,0.4442132718395442,0.004780548677353725,0.43815569020807743,0.4527691160328686,0.0,0.0,0.0,0.0,0.0,0.0,0.0,0.0,0.0,0.0,0.0,0.0,0.42638523845930393,0.5785272181980357,0.031543292178182955,1.6772518402858543,3.991881708587804,0.9085733850995165,3.0314005945738707,6.073186092936173,828.1259483641136,958.4800823541233,41.797449251302986,3339.3274337435755,0.9028741980150226,0.03192887654214072,0.8617439467746302,0.9433523479395195,
development,41,l_shape,parmetis_repaired,10,778.8,106.61957293730515,605.0,916.0,1399.5,212.76447594046854,1053.0,1671.0,2177.3,319.3827553961617,1657.0,2586.0,1.0164130993555804,0.007937343463121534,1.0049586776859505,1.0282776349614395,0.013417558623693126,0.0020997979303077705,0.010084720859207436,0.01658047865973995,278.7,22.662009325447436,238.0,310.0,0.0,0.0,0.0,0.0,0.0,0.0,0.0,0.0,30.9,0.7378647873726218,30.0,32.0,0.4482907200232148,0.005647819724147102,0.4416222060099244,0.45742417220026255,0.00407744818367064,0.0012016061675415009,0.0027755326591432095,0.007056924048811197,0.0,0.0,0.0,0.0,0.0,0.0,0.0,0.0,0.42638523845930393,0.5785272181980357,0.031543292178182955,1.6772518402858543,3.991881708587804,0.9085733850995165,3.0314005945738707,6.073186092936173,828.1259483641136,958.4800823541233,41.797449251302986,3339.3274337435755,0.9028741980150226,0.03192887654214072,0.8617439467746302,0.9433523479395195,0.0
development,41,rectangle,bfs_connected,25,775.56,120.13952999186682,570.0,951.0,1393.04,240.26920318675886,982.0,1744.0,2167.6,360.40868006565364,1551.0,2694.0,1.3436115659502437,0.1165813843969498,1.118279569892473,1.5335463258785942,0.23565206344764714,0.052809044718020094,0.1227341588659796,0.35139099674501834,407.88,51.892774063447405,303.0,506.0,0.0,0.0,0.0,0.0,0.0,0.0,0.0,0.0,33.2,0.9574271077563382,31.0,35.0,0.008743570931255818,0.009785268057267727,0.004550169687718153,0.04176901001483202,0.0,0.0,0.0,0.0,0.0,0.0,0.0,0.0,0.0,0.0,0.0,0.0,0.7415135802349873,0.5689566972698967,0.056309176479624634,2.394763420640075,3.4595502259488704,0.4221971574133551,3.0821611183224595,5.137397191654321,286.0821410628759,440.4660787642937,24.315355273838794,2007.7382292833026,0.922421875757678,0.03292292992268456,0.8666869528993666,0.9991201695608595,
development,41,rectangle,parmetis_raw,25,775.56,120.13952999186682,570.0,951.0,1393.04,240.26920318675886,982.0,1744.0,2167.6,360.40868006565364,1551.0,2694.0,1.0197029663410442,0.0059617142364745915,1.0105263157894737,1.029797377830751,0.016250756939500524,0.004180594431077703,0.008602150537634409,0.026025924317437294,283.08,26.068691310970458,240.0,320.0,0.12,0.33166247903553997,0.0,1.0,0.12,0.33166247903553997,0.0,1.0,33.0,0.5773502691896257,32.0,34.0,0.4455731395632029,0.003514172094055726,0.4396192147396505,0.4532420989125967,0.0,0.0,0.0,0.0,0.0,0.0,0.0,0.0,0.0,0.0,0.0,0.0,0.7415135802349873,0.5689566972698967,0.056309176479624634,2.394763420640075,3.4595502259488704,0.4221971574133551,3.0821611183224595,5.137397191654321,286.0821410628759,440.4660787642937,24.315355273838794,2007.7382292833026,0.922421875757678,0.03292292992268456,0.8666869528993666,0.9991201695608595,
development,41,rectangle,parmetis_repaired,25,775.56,120.13952999186682,570.0,951.0,1393.04,240.26920318675886,982.0,1744.0,2167.6,360.40868006565364,1551.0,2694.0,1.0623052118238718,0.12041349260057105,1.0105263157894737,1.4313099041533546,0.03098804201987572,0.04182858905557633,0.008602150537634409,0.16402362166666842,282.08,27.208944607732708,235.0,320.0,0.0,0.0,0.0,0.0,0.0,0.0,0.0,0.0,32.92,0.5715476066494082,32.0,34.0,0.44987349197268484,0.0038016701913546652,0.44276103377342224,0.45779581693932414,0.0043003524094820025,0.0012217515885470601,0.0030059549026191235,0.007564072031527758,1.76,4.968903299521937,0.0,18.0,0.002790435869833274,0.007942774356893657,0.0,0.02875399361022364,0.7415135802349873,0.5689566972698967,0.056309176479624634,2.394763420640075,3.4595502259488704,0.4221971574133551,3.0821611183224595,5.137397191654321,286.0821410628759,440.4660787642937,24.315355273838794,2007.7382292833026,0.922421875757678,0.03292292992268456,0.8666869528993666,0.9991201695608595,0.12
development,41,wavy,bfs_connected,25,754.28,118.42526475939724,542.0,916.0,1323.72,230.83643559888893,903.0,1640.0,2077.0,349.23678691302456,1444.0,2555.0,1.3186370180231248,0.10533553796299652,1.1587057010785824,1.546572934973638,0.23109852467345796,0.056668627577889596,0.13810230630710824,0.3326650353489793,396.0,45.67731019517969,307.0,465.0,0.0,0.0,0.0,0.0,0.0,0.0,0.0,0.0,32.92,1.0770329614269007,31.0,35.0,0.005774757750332355,0.0008372981316028459,0.0043013738468289375,0.0070939878933131695,0.0,0.0,0.0,0.0,0.0,0.0,0.0,0.0,0.0,0.0,0.0,0.0,1.0066679474890134,0.6651550521976978,0.11165826317185142,2.6411090113616464,3.308493038227515,0.24313466590541405,2.9652318642733464,3.9712769450817196,115.10805830427142,114.28277585599982,22.30249502413425,513.9552779763004,0.9081806945350535,0.031401933334754294,0.8539303376709936,0.9737960566466891,
development,41,wavy,parmetis_raw,25,754.28,118.42526475939724,542.0,916.0,1323.72,230.83643559888893,903.0,1640.0,2077.0,349.23678691302456,1444.0,2555.0,1.0185346022892805,0.007121876628598214,1.003690036900369,1.029966703662597,0.016012339093030504,0.0038304016867557584,0.010083100384708091,0.02507735575635746,280.88,23.163045280503745,243.0,317.0,0.24,0.5228129047119374,0.0,2.0,0.24,0.5228129047119374,0.0,2.0,32.88,1.0132456102380443,31.0,35.0,0.44504063421860335,0.004266107788224723,0.4386966801248491,0.4524683910422027,0.0,0.0,0.0,0.0,0.0,0.0,0.0,0.0,0.0,0.0,0.0,0.0,1.0066679474890134,0.6651550521976978,0.11165826317185142,2.6411090113616464,3.308493038227515,0.24313466590541405,2.9652318642733464,3.9712769450817196,115.10805830427142,114.28277585599982,22.30249502413425,513.9552779763004,0.9081806945350535,0.031401933334754294,0.8539303376709936,0.9737960566466891,
development,41,wavy,parmetis_repaired,25,754.28,118.42526475939724,542.0,916.0,1323.72,230.83643559888893,903.0,1640.0,2077.0,349.23678691302456,1444.0,2555.0,1.0649547624595008,0.1237899532917605,1.003690036900369,1.48471615720524,0.031691493890685186,0.042545073875563034,0.010083100384708091,0.17274040614953526,279.16,21.592205383733578,243.0,315.0,0.0,0.0,0.0,0.0,0.0,0.0,0.0,0.0,32.6,0.8660254037844387,31.0,34.0,0.44872956743463877,0.0044024416959343796,0.4415766759775579,0.45636022416874766,0.003688933216035366,0.0007374236174479225,0.0024071927182376385,0.0056826104409992695,2.8,7.516648189186455,0.0,27.0,0.0032168993413238638,0.008312796224056592,0.0,0.029867256637168143,1.0066679474890134,0.6651550521976978,0.11165826317185142,2.6411090113616464,3.308493038227515,0.24313466590541405,2.9652318642733464,3.9712769450817196,115.10805830427142,114.28277585599982,22.30249502413425,513.9552779763004,0.9081806945350535,0.031401933334754294,0.8539303376709936,0.9737960566466891,0.2
development,42,annulus,bfs_connected,10,705.0,118.01224041975006,543.0,919.0,1231.8,231.1069016710665,913.0,1654.0,1936.8,349.10514175531705,1456.0,2573.0,1.3645225419093203,0.12714583464428472,1.236255572065379,1.5942376950780313,0.23381260679552116,0.06782628558892088,0.13318325071998893,0.33004953677917964,369.8,45.650362052841984,297.0,458.0,0.0,0.0,0.0,0.0,0.0,0.0,0.0,0.0,30.2,1.3165611772087666,28.0,32.0,0.005383234331384301,0.0008164227795096559,0.004319232888519764,0.00668953126296401,0.0,0.0,0.0,0.0,0.0,0.0,0.0,0.0,0.0,0.0,0.0,0.0,1.0116706034051035,0.816465783530023,0.03751560885852933,2.170985956586211,3.559201518139267,0.6510029579138964,3.087084880973323,5.306027350102095,344.91119674821385,709.8226246453816,29.681511779977793,2339.0550914263213,0.9615727846983363,0.03473073883811982,0.9123311017427949,1.0182580924730258,
development,42,annulus,parmetis_raw,10,705.0,118.01224041975006,543.0,919.0,1231.8,231.1069016710665,913.0,1654.0,1936.8,349.10514175531705,1456.0,2573.0,1.0206943672071194,0.008001201937863982,1.0018416206261511,1.028006589785832,0.0140332531939447,0.0035620202140019715,0.007366482504604052,0.01903880995554501,257.5,25.373871075051465,218.0,296.0,0.0,0.0,0.0,0.0,0.0,0.0,0.0,0.0,27.0,1.632993161855452,25.0,29.0,0.4434430081862956,0.0034208464981354937,0.4399249916896224,0.44962297519668937,0.0,0.0,0.0,0.0,0.0,0.0,0.0,0.0,0.0,0.0,0.0,0.0,1.0116706034051035,0.816465783530023,0.03751560885852933,2.170985956586211,3.559201518139267,0.6510029579138964,3.087084880973323,5.306027350102095,344.91119674821385,709.8226246453816,29.681511779977793,2339.0550914263213,0.9615727846983363,0.03473073883811982,0.9123311017427949,1.0182580924730258,
development,42,annulus,parmetis_repaired,10,705.0,118.01224041975006,543.0,919.0,1231.8,231.1069016710665,913.0,1654.0,1936.8,349.10514175531705,1456.0,2573.0,1.0206943672071194,0.008001201937863982,1.0018416206261511,1.028006589785832,0.0140332531939447,0.0035620202140019715,0.007366482504604052,0.01903880995554501,257.5,25.373871075051465,218.0,296.0,0.0,0.0,0.0,0.0,0.0,0.0,0.0,0.0,27.0,1.632993161855452,25.0,29.0,0.4514077012427151,0.013472925494504268,0.44315889989957213,0.4880871130153537,0.007964693056419492,0.011711749596385879,0.00315354997292161,0.04114467604085803,0.0,0.0,0.0,0.0,0.0,0.0,0.0,0.0,1.0116706034051035,0.816465783530023,0.03751560885852933,2.170985956586211,3.559201518139267,0.6510029579138964,3.087084880973323,5.306027350102095,344.91119674821385,709.8226246453816,29.681511779977793,2339.0550914263213,0.9615727846983363,0.03473073883811982,0.9123311017427949,1.0182580924730258,0.0
development,42,l_shape,bfs_connected,10,778.8,108.66748465949794,585.0,924.0,1400.2,217.39814984391094,1013.0,1691.0,2178.0,326.0654331060971,1597.0,2614.0,1.2891806296646768,0.1336076860771494,1.1066822977725674,1.5771428571428572,0.1930418307224969,0.059976576168053075,0.10604527483841086,0.31323460595430214,390.2,47.837223999726405,305.0,454.0,0.0,0.0,0.0,0.0,0.0,0.0,0.0,0.0,31.1,0.5676462121975466,30.0,32.0,0.005816741660237312,0.0008338329086331169,0.004669304005801678,0.006985026877373457,0.0,0.0,0.0,0.0,0.0,0.0,0.0,0.0,0.0,0.0,0.0,0.0,0.4444890584795667,0.5347480484538664,0.016106627705100702,1.6784745509119672,3.8772644244863343,0.8980005043762239,3.1028986304555786,6.203812136404687,972.3544118080943,1550.4689236673546,49.31912080065715,5201.335923078492,0.9175655410166265,0.027218416163428346,0.8491494397481382,0.945329883847065,
development,42,l_shape,parmetis_raw,10,778.8,108.66748465949794,585.0,924.0,1400.2,217.39814984391094,1013.0,1691.0,2178.0,326.0654331060971,1597.0,2614.0,1.0208619907539025,0.0064125151395856995,1.011965811965812,1.0285714285714285,0.01585784424714085,0.0037245975477124397,0.012767298639264537,0.02535733082677728,277.7,28.043814925140904,236.0,317.0,0.0,0.0,0.0,0.0,0.0,0.0,0.0,0.0,30.3,0.674948557710553,29.0,31.0,0.4429484930355102,0.004913901077641151,0.43627525586634874,0.4515937948599458,0.0,0.0,0.0,0.0,0.0,0.0,0.0,0.0,0.0,0.0,0.0,0.0,0.4444890584795667,0.5347480484538664,0.016106627705100702,1.6784745509119672,3.8772644244863343,0.8980005043762239,3.1028986304555786,6.203812136404687,972.3544118080943,1550.4689236673546,49.31912080065715,5201.335923078492,0.9175655410166265,0.027218416163428346,0.8491494397481382,0.945329883847065,
development,42,l_shape,parmetis_repaired,10,778.8,108.66748465949794,585.0,924.0,1400.2,217.39814984391094,1013.0,1691.0,2178.0,326.0654331060971,1597.0,2614.0,1.0208619907539025,0.0064125151395856995,1.011965811965812,1.0285714285714285,0.01585784424714085,0.0037245975477124397,0.012767298639264537,0.02535733082677728,277.7,28.043814925140904,236.0,317.0,0.0,0.0,0.0,0.0,0.0,0.0,0.0,0.0,30.3,0.674948557710553,29.0,31.0,0.446918448805809,0.005513524896252456,0.4395227408967912,0.4577806540764868,0.0039699557702988384,0.0010468033211439756,0.0027177180163562298,0.006186859216541052,0.0,0.0,0.0,0.0,0.0,0.0,0.0,0.0,0.4444890584795667,0.5347480484538664,0.016106627705100702,1.6784745509119672,3.8772644244863343,0.8980005043762239,3.1028986304555786,6.203812136404687,972.3544118080943,1550.4689236673546,49.31912080065715,5201.335923078492,0.9175655410166265,0.027218416163428346,0.8491494397481382,0.945329883847065,0.0
development,42,rectangle,bfs_connected,25,745.24,107.45475016644603,583.0,912.0,1332.44,214.9034822115888,1008.0,1666.0,2076.68,322.35820138473287,1590.0,2577.0,1.3656153033690592,0.09690200193422957,1.147982062780269,1.5691318327974277,0.23497630300394723,0.05464310015047271,0.13235514303327026,0.3297453162227069,401.72,48.24721062748948,331.0,490.0,0.0,0.0,0.0,0.0,0.0,0.0,0.0,0.0,33.4,0.7637626158259733,32.0,35.0,0.005696871541440487,0.0008489238097030134,0.004370891954749823,0.00730588473379612,0.0,0.0,0.0,0.0,0.0,0.0,0.0,0.0,0.0,0.0,0.0,0.0,0.7688116813975465,0.5396875358586158,0.10409039148289462,1.7719291425737593,3.3784302328107283,0.2556650741038818,3.151284376285892,4.177519783765557,163.92674070963142,153.94039397193,32.5261170025955,598.3023639464917,0.9249615357947113,0.029351719195710967,0.887811795825837,0.984578752434542,
development,42,rectangle,parmetis_raw,25,745.24,107.45475016644603,583.0,912.0,1332.44,214.9034822115888,1008.0,1666.0,2076.68,322.35820138473287,1590.0,2577.0,1.0176747939206634,0.007277439953221113,1.0033898305084745,1.0289389067524115,0.016193042360090497,0.004800539416998741,0.009262780353409807,0.024740371354068008,278.84,25.827440188037734,242.0,326.0,0.0,0.0,0.0,0.0,0.0,0.0,0.0,0.0,32.68,0.5567764362830022,32.0,34.0,0.44375708639621736,0.0035202222102472423,0.4388005849905312,0.4537740210071206,0.0,0.0,0.0,0.0,0.0,0.0,0.0,0.0,0.0,0.0,0.0,0.0,0.7688116813975465,0.5396875358586158,0.10409039148289462,1.7719291425737593,3.3784302328107283,0.2556650741038818,3.151284376285892,4.177519783765557,163.92674070963142,153.94039397193,32.5261170025955,598.3023639464917,0.9249615357947113,0.029351719195710967,0.887811795825837,0.984578752434542,
development,42,rectangle,parmetis_repaired,25,745.24,107.45475016644603,583.0,912.0,1332.44,214.9034822115888,1008.0,1666.0,2076.68,322.35820138473287,1590.0,2577.0,1.0176747939206634,0.007277439953221113,1.0033898305084745,1.0289389067524115,0.016193042360090497,0.004800539416998741,0.009262780353409807,0.024740371354068008,278.84,25.827440188037734,242.0,326.0,0.0,0.0,0.0,0.0,0.0,0.0,0.0,0.0,32.68,0.5567764362830022,32.0,34.0,0.44774775855243204,0.004084218830697961,0.44151521706953645,0.4580200552009046,0.003990672156214714,0.0009968677808138632,0.0026264959014952183,0.006660680286586285,0.0,0.0,0.0,0.0,0.0,0.0,0.0,0.0,0.7688116813975465,0.5396875358586158,0.10409039148289462,1.7719291425737593,3.3784302328107283,0.2556650741038818,3.151284376285892,4.177519783765557,163.92674070963142,153.94039397193,32.5261170025955,598.3023639464917,0.9249615357947113,0.029351719195710967,0.887811795825837,0.984578752434542,0.0
development,42,wavy,bfs_connected,25,765.56,114.73450512669092,541.0,915.0,1345.68,224.16469391944844,910.0,1637.0,2110.24,338.8763638851196,1450.0,2551.0,1.2968828804017256,0.09425453281259566,1.1566265060240963,1.5884476534296028,0.21490086221471993,0.05741585035265159,0.11807479536004183,0.33876078575042906,404.44,47.33927192793175,314.0,466.0,0.0,0.0,0.0,0.0,0.0,0.0,0.0,0.0,32.76,0.7788880963698616,31.0,34.0,0.007207875363528729,0.0067618667233487854,0.00404510460793972,0.03941189870238304,0.0,0.0,0.0,0.0,0.0,0.0,0.0,0.0,0.0,0.0,0.0,0.0,1.0875141109694946,0.6977972410907813,0.05413836080406451,2.825658931200245,3.2527476010991836,0.20411920194971822,3.0675064905962657,3.9766996796022096,126.64320765585481,212.56677294801887,20.296971029257588,1089.9636478918485,0.8966063132726163,0.0325236286358865,0.8231075632121628,0.9888089117555071,
development,42,wavy,parmetis_raw,25,765.56,114.73450512669092,541.0,915.0,1345.68,224.16469391944844,910.0,1637.0,2110.24,338.8763638851196,1450.0,2551.0,1.0163608212587272,0.005529880573495679,1.0055452865064696,1.024390243902439,0.01581089359808323,0.0044956032380615695,0.007048968523102558,0.02671817353683737,285.32,25.43737407831241,230.0,323.0,0.12,0.43969686527576396,0.0,2.0,0.12,0.43969686527576396,0.0,2.0,32.64,1.0360180178613367,31.0,34.0,0.4440612220019102,0.004252252289936279,0.43409193493425846,0.45191609067842364,0.0,0.0,0.0,0.0,0.0,0.0,0.0,0.0,0.0,0.0,0.0,0.0,1.0875141109694946,0.6977972410907813,0.05413836080406451,2.825658931200245,3.2527476010991836,0.20411920194971822,3.0675064905962657,3.9766996796022096,126.64320765585481,212.56677294801887,20.296971029257588,1089.9636478918485,0.8966063132726163,0.0325236286358865,0.8231075632121628,0.9888089117555071,
development,42,wavy,parmetis_repaired,25,765.56,114.73450512669092,541.0,915.0,1345.68,224.16469391944844,910.0,1637.0,2110.24,338.8763638851196,1450.0,2551.0,1.0443776770571132,0.09605440091403179,1.0055452865064696,1.3862815884476534,0.028036564633719646,0.04298233432879818,0.007048968523102558,0.20199408190957677,284.56,26.402462006411447,219.0,323.0,0.0,0.0,0.0,0.0,0.0,0.0,0.0,0.0,32.56,1.0033277962194942,31.0,34.0,0.44833502687513827,0.004955950003168085,0.4376687635667622,0.4597870227880776,0.004273804873228073,0.001507463767316266,0.002471690997481346,0.008700560312718153,1.84,6.472248450113762,0.0,27.0,0.0028574632627270335,0.010579876247954471,0.0,0.048736462093862815,1.0875141109694946,0.6977972410907813,0.05413836080406451,2.825658931200245,3.2527476010991836,0.20411920194971822,3.0675064905962657,3.9766996796022096,126.64320765585481,212.56677294801887,20.296971029257588,1089.9636478918485,0.8966063132726163,0.0325236286358865,0.8231075632121628,0.9888089117555071,0.08
development,43,annulus,bfs_connected,10,659.0,101.68688323585408,532.0,835.0,1141.5,198.32142821412137,905.0,1489.0,1800.5,299.9586082556503,1437.0,2324.0,1.5628428119760827,0.2163123603602753,1.245674740484429,1.9161676646706587,0.3235440374703237,0.08962850356143749,0.18190734094008099,0.4714561055693811,348.0,34.215006454283575,304.0,407.0,0.0,0.0,0.0,0.0,0.0,0.0,0.0,0.0,30.9,0.9944289260117531,29.0,32.0,0.008345148991793394,0.010698277533588641,0.004114001058042049,0.03873790521174669,0.0,0.0,0.0,0.0,0.0,0.0,0.0,0.0,0.0,0.0,0.0,0.0,0.3953314037490146,0.3003355040861499,0.03933532353135724,0.9582764386044864,3.6990415879196994,0.6308129615099627,3.134815810177366,5.254428990552046,450.2595301381063,618.4486606319199,60.252569512256386,2080.4102017411424,1.0033115452446306,0.02576472974936671,0.9694739212679762,1.049958798112424,
development,43,annulus,parmetis_raw,10,659.0,101.68688323585408,532.0,835.0,1141.5,198.32142821412137,905.0,1489.0,1800.5,299.9586082556503,1437.0,2324.0,1.0195918032202083,0.0076870042971696265,1.003690036900369,1.0284005979073243,0.01704230347014344,0.004577489106653204,0.010083100384708091,0.026515465262880063,248.7,20.774182695515766,216.0,284.0,0.0,0.0,0.0,0.0,0.0,0.0,0.0,0.0,27.2,1.4757295747452437,25.0,29.0,0.44349368824623525,0.0033304442085023136,0.43794159963727,0.4475087379105389,0.0,0.0,0.0,0.0,0.0,0.0,0.0,0.0,0.0,0.0,0.0,0.0,0.3953314037490146,0.3003355040861499,0.03933532353135724,0.9582764386044864,3.6990415879196994,0.6308129615099627,3.134815810177366,5.254428990552046,450.2595301381063,618.4486606319199,60.252569512256386,2080.4102017411424,1.0033115452446306,0.02576472974936671,0.9694739212679762,1.049958798112424,
development,43,annulus,parmetis_repaired,10,659.0,101.68688323585408,532.0,835.0,1141.5,198.32142821412137,905.0,1489.0,1800.5,299.9586082556503,1437.0,2324.0,1.0195918032202083,0.0076870042971696265,1.003690036900369,1.0284005979073243,0.01704230347014344,0.004577489106653204,0.010083100384708091,0.026515465262880063,248.7,20.774182695515766,216.0,284.0,0.0,0.0,0.0,0.0,0.0,0.0,0.0,0.0,27.2,1.4757295747452437,25.0,29.0,0.4466187477577478,0.003271129404433723,0.4409599616192281,0.44992204289883375,0.003125059511512518,0.0005242554259343076,0.00241330498829484,0.003930909093469381,0.0,0.0,0.0,0.0,0.0,0.0,0.0,0.0,0.3953314037490146,0.3003355040861499,0.03933532353135724,0.9582764386044864,3.6990415879196994,0.6308129615099627,3.134815810177366,5.254428990552046,450.2595301381063,618.4486606319199,60.252569512256386,2080.4102017411424,1.0033115452446306,0.02576472974936671,0.9694739212679762,1.049958798112424,0.0
development,43,l_shape,bfs_connected,10,742.5,131.18286642867827,573.0,901.0,1327.0,261.788294450136,989.0,1645.0,2068.5,392.97052476405065,1561.0,2545.0,1.230708863742246,0.06256994541297174,1.1234866828087167,1.3403141361256545,0.1884295901188024,0.032065486261625,0.12857441856051832,0.23851473485248223,382.3,42.30327016516178,311.0,429.0,0.0,0.0,0.0,0.0,0.0,0.0,0.0,0.0,31.6,0.6992058987801011,31.0,33.0,0.0057023444678634405,0.0009595654336892465,0.004259941633790731,0.006703655235469341,0.0,0.0,0.0,0.0,0.0,0.0,0.0,0.0,0.0,0.0,0.0,0.0,1.0826930612618768,0.7697458331551678,0.124767591116794,2.122155174147243,3.347880431922664,0.2650122794474454,3.028776881288831,3.7843329378092916,164.03849389080375,187.65832203082618,28.538903707058303,524.7426674030047,0.9097834426178805,0.04422119420316697,0.852550545150033,0.9769889600077756,
development,43,l_shape,parmetis_raw,10,742.5,131.18286642867827,573.0,901.0,1327.0,261.788294450136,989.0,1645.0,2068.5,392.97052476405065,1561.0,2545.0,1.0166476422417472,0.007708619027466874,1.0049586776859505,1.026634382566586,0.01547945130716984,0.003709313590140845,0.010660836691965025,0.02378323530894318,271.8,24.05918627976525,234.0,298.0,0.1,0.31622776601683794,0.0,1.0,0.1,0.31622776601683794,0.0,1.0,30.6,1.07496769977314,29.0,33.0,0.44377518645487724,0.0037424414389135886,0.44029416609555483,0.4488481520675123,0.0,0.0,0.0,0.0,0.0,0.0,0.0,0.0,0.0,0.0,0.0,0.0,1.0826930612618768,0.7697458331551678,0.124767591116794,2.122155174147243,3.347880431922664,0.2650122794474454,3.028776881288831,3.7843329378092916,164.03849389080375,187.65832203082618,28.538903707058303,524.7426674030047,0.9097834426178805,0.04422119420316697,0.852550545150033,0.9769889600077756,
development,43,l_shape,parmetis_repaired,10,742.5,131.18286642867827,573.0,901.0,1327.0,261.788294450136,989.0,1645.0,2068.5,392.97052476405065,1561.0,2545.0,1.0326298841951325,0.04955893434971842,1.0049586776859505,1.172031076581576,0.020506381850168887,0.015271712639760742,0.010660836691965025,0.06277371100854919,271.2,23.39895534230345,234.0,296.0,0.0,0.0,0.0,0.0,0.0,0.0,0.0,0.0,30.6,1.07496769977314,29.0,33.0,0.44737756573595105,0.003694867256950966,0.4429876678623259,0.45290085999295115,0.0036023792810738085,0.0008087814455399798,0.002693501766771078,0.005006712861359119,1.0,3.1622776601683795,0.0,10.0,0.0011098779134295228,0.003509742131152474,0.0,0.011098779134295227,1.0826930612618768,0.7697458331551678,0.124767591116794,2.122155174147243,3.347880431922664,0.2650122794474454,3.028776881288831,3.7843329378092916,164.03849389080375,187.65832203082618,28.538903707058303,524.7426674030047,0.9097834426178805,0.04422119420316697,0.852550545150033,0.9769889600077756,0.1
development,43,rectangle,bfs_connected,25,771.72,108.11048361128843,561.0,952.0,1385.4,216.26218655449995,964.0,1746.0,2156.12,324.37264064652555,1524.0,2697.0,1.3289017588336032,0.10564948403927316,1.1696551724137931,1.5971479500891266,0.2249986070755798,0.05431251216902338,0.11973451739142747,0.32642866169480045,409.04,43.65249133783775,338.0,496.0,0.0,0.0,0.0,0.0,0.0,0.0,0.0,0.0,33.12,0.7810249675906653,32.0,35.0,0.00733031265437603,0.007467627306094811,0.0044149900786578655,0.04294597217813134,0.0,0.0,0.0,0.0,0.0,0.0,0.0,0.0,0.0,0.0,0.0,0.0,0.7264734733688405,0.4973964330752133,0.13558667278803965,1.763662411910932,3.3795649740487606,0.21171885731384354,2.9724900548317406,3.8406492779394164,192.09679694522623,183.35013753114123,32.60244644380253,747.2424156763086,0.9189871117304023,0.03305760515632192,0.8582506804339682,0.9948486436468285,
development,43,rectangle,parmetis_raw,25,771.72,108.11048361128843,561.0,952.0,1385.4,216.26218655449995,964.0,1746.0,2156.12,324.37264064652555,1524.0,2697.0,1.0182831003021249,0.006825928655596863,1.009009009009009,1.0343007915567282,0.015080465719493084,0.0030686490048133287,0.01083832275478145,0.024220811930425336,282.36,23.36107874221565,239.0,329.0,0.0,0.0,0.0,0.0,0.0,0.0,0.0,0.0,32.92,0.49328828623162474,32.0,34.0,0.44382192943245174,0.004395680348316285,0.4372888342477381,0.4571455158293247,0.0,0.0,0.0,0.0,0.0,0.0,0.0,0.0,0.0,0.0,0.0,0.0,0.7264734733688405,0.4973964330752133,0.13558667278803965,1.763662411910932,3.3795649740487606,0.21171885731384354,2.9724900548317406,3.8406492779394164,192.09679694522623,183.35013753114123,32.60244644380253,747.2424156763086,0.9189871117304023,0.03305760515632192,0.8582506804339682,0.9948486436468285,
development,43,rectangle,parmetis_repaired,25,771.72,108.11048361128843,561.0,952.0,1385.4,216.26218655449995,964.0,1746.0,2156.12,324.37264064652555,1524.0,2697.0,1.0182831003021249,0.006825928655596863,1.009009009009009,1.0343007915567282,0.015080465719493084,0.0030686490048133287,0.01083832275478145,0.024220811930425336,282.36,23.36107874221565,239.0,329.0,0.0,0.0,0.0,0.0,0.0,0.0,0.0,0.0,32.92,0.49328828623162474,32.0,34.0,0.44792227713391186,0.00457710805815791,0.4407307654619217,0.4605477317236364,0.004100347701460123,0.0012061172419030987,0.0025200359523296356,0.007918918039649725,0.0,0.0,0.0,0.0,0.0,0.0,0.0,0.0,0.7264734733688405,0.4973964330752133,0.13558667278803965,1.763662411910932,3.3795649740487606,0.21171885731384354,2.9724900548317406,3.8406492779394164,192.09679694522623,183.35013753114123,32.60244644380253,747.2424156763086,0.9189871117304023,0.03305760515632192,0.8582506804339682,0.9948486436468285,0.0
development,43,wavy,bfs_connected,25,740.16,131.56990537353138,513.0,924.0,1296.36,256.45043055790205,859.0,1656.0,2035.52,388.00248280992565,1371.0,2579.0,1.3398857748797621,0.11564126265205459,1.1053864168618266,1.5551401869158878,0.22979392519093347,0.06180063304738294,0.08968872203806445,0.3243113646477728,393.08,52.81013160369893,319.0,483.0,0.0,0.0,0.0,0.0,0.0,0.0,0.0,0.0,32.52,1.2622730819174326,29.0,34.0,0.005692216698080301,0.000986575673136311,0.0040896120481193066,0.0072797732427716255,0.0,0.0,0.0,0.0,0.0,0.0,0.0,0.0,0.0,0.0,0.0,0.0,0.8027129964774108,0.46634451370703556,0.1514506191382945,1.5407302158536191,3.3072572958049506,0.17596627511685314,3.0351329179402957,3.632706887610526,124.79025181440551,99.58332718543622,38.35634547906314,422.632429590183,0.9075751125664898,0.030253671092206724,0.8605362630045612,0.974821138897083,
development,43,wavy,parmetis_raw,25,740.16,131.56990537353138,513.0,924.0,1296.36,256.45043055790205,859.0,1656.0,2035.52,388.00248280992565,1371.0,2579.0,1.0201325913132624,0.006154021239479656,1.0064516129032257,1.0293706293706293,0.01613733909991031,0.003914853788689109,0.010554089709762533,0.025473493805544704,275.52,28.511868873622905,217.0,314.0,0.08,0.27688746209726917,0.0,1.0,0.08,0.27688746209726917,0.0,1.0,32.48,0.918331820930394,31.0,34.0,0.443839215002954,0.004598588343499194,0.43593322904780507,0.451857287902385,0.0,0.0,0.0,0.0,0.0,0.0,0.0,0.0,0.0,0.0,0.0,0.0,0.8027129964774108,0.46634451370703556,0.1514506191382945,1.5407302158536191,3.3072572958049506,0.17596627511685314,3.0351329179402957,3.632706887610526,124.79025181440551,99.58332718543622,38.35634547906314,422.632429590183,0.9075751125664898,0.030253671092206724,0.8605362630045612,0.974821138897083,
development,43,wavy,parmetis_repaired,25,740.16,131.56990537353138,513.0,924.0,1296.36,256.45043055790205,859.0,1656.0,2035.52,388.00248280992565,1371.0,2579.0,1.0488415107523021,0.10049351844020646,1.0064516129032257,1.4379977246871445,0.02597273755716773,0.035141360511720385,0.010554089709762533,0.16381831200075672,275.0,28.619631956636574,217.0,314.0,0.0,0.0,0.0,0.0,0.0,0.0,0.0,0.0,32.4,0.8660254037844387,31.0,34.0,0.4483654122427106,0.005856271328442545,0.43865302205085754,0.4580674357712269,0.004526197239756584,0.002027849535803452,0.0023394590243697166,0.00960035715252161,1.36,5.122499389946279,0.0,24.0,0.0018398137220503332,0.006487962010019131,0.0,0.027303754266211604,0.8027129964774108,0.46634451370703556,0.1514506191382945,1.5407302158536191,3.3072572958049506,0.17596627511685314,3.0351329179402957,3.632706887610526,124.79025181440551,99.58332718543622,38.35634547906314,422.632429590183,0.9075751125664898,0.030253671092206724,0.8605362630045612,0.974821138897083,0.08
development,44,annulus,bfs_connected,10,727.5,116.12852075753541,582.0,929.0,1274.5,225.22790926328625,995.0,1660.0,2002.0,341.33691404371854,1577.0,2589.0,1.4318868805339147,0.16977283842128335,1.2288401253918495,1.8080495356037152,0.2650600368819511,0.07045837722630764,0.20047732696897375,0.43334216870484565,369.1,46.385941356789935,319.0,453.0,0.0,0.0,0.0,0.0,0.0,0.0,0.0,0.0,30.4,1.577621275493231,28.0,32.0,0.005564182717353106,0.0008028209250584543,0.004552237223833799,0.006881626322865486,0.0,0.0,0.0,0.0,0.0,0.0,0.0,0.0,0.0,0.0,0.0,0.0,1.038494308796007,0.8967335606278833,0.05592088355114293,2.730676668191617,3.473050325783375,0.5381974735707018,3.0026241365427744,4.84305403571359,251.5440762074175,468.0887827217793,28.99300030831729,1568.3136828146278,0.9616072948808709,0.027456505403193575,0.9243151057871198,1.0229465003200087,
development,44,annulus,parmetis_raw,10,727.5,116.12852075753541,582.0,929.0,1274.5,225.22790926328625,995.0,1660.0,2002.0,341.33691404371854,1577.0,2589.0,1.0233444476708589,0.011932141000634992,1.0119331742243436,1.0467289719626167,0.015686528828528057,0.0047753484608605064,0.00954653937947494,0.025537572002391526,263.0,22.98791953275556,232.0,300.0,0.0,0.0,0.0,0.0,0.0,0.0,0.0,0.0,26.4,2.4129281427805145,21.0,29.0,0.44233016087673604,0.004565328526245983,0.43799553578719497,0.4507484119385481,0.0,0.0,0.0,0.0,0.0,0.0,0.0,0.0,0.0,0.0,0.0,0.0,1.038494308796007,0.8967335606278833,0.05592088355114293,2.730676668191617,3.473050325783375,0.5381974735707018,3.0026241365427744,4.84305403571359,251.5440762074175,468.0887827217793,28.99300030831729,1568.3136828146278,0.9616072948808709,0.027456505403193575,0.9243151057871198,1.0229465003200087,
development,44,annulus,parmetis_repaired,10,727.5,116.12852075753541,582.0,929.0,1274.5,225.22790926328625,995.0,1660.0,2002.0,341.33691404371854,1577.0,2589.0,1.0233444476708589,0.011932141000634992,1.0119331742243436,1.0467289719626167,0.015686528828528057,0.0047753484608605064,0.00954653937947494,0.025537572002391526,263.0,22.98791953275556,232.0,300.0,0.0,0.0,0.0,0.0,0.0,0.0,0.0,0.0,26.4,2.4129281427805145,21.0,29.0,0.4457958748564124,0.004974790484833398,0.4410409717820585,0.45554581796750426,0.0034657139796763657,0.0006260665623891982,0.0027517839334905148,0.004797406028956175,0.0,0.0,0.0,0.0,0.0,0.0,0.0,0.0,1.038494308796007,0.8967335606278833,0.05592088355114293,2.730676668191617,3.473050325783375,0.5381974735707018,3.0026241365427744,4.84305403571359,251.5440762074175,468.0887827217793,28.99300030831729,1568.3136828146278,0.9616072948808709,0.027456505403193575,0.9243151057871198,1.0229465003200087,0.0
development,44,l_shape,bfs_connected,10,790.5,102.79456319388795,643.0,943.0,1423.6,205.33614716686716,1129.0,1727.0,2213.1,308.1303656282876,1771.0,2669.0,1.303546057605878,0.1171781210966958,1.1414982164090368,1.4993006993006992,0.20246682106732639,0.05115938916227684,0.11114420633782886,0.27291933364231885,402.1,43.638540560177105,350.0,467.0,0.0,0.0,0.0,0.0,0.0,0.0,0.0,0.0,31.7,0.674948557710553,31.0,33.0,0.00611563753336668,0.0007830391941600578,0.005192134995013475,0.0070372470654547215,0.0,0.0,0.0,0.0,0.0,0.0,0.0,0.0,0.0,0.0,0.0,0.0,0.8309879650364648,0.6685741910179872,0.004956460455102275,1.7667798817935458,4.646952247423635,3.4893222223550264,2.985356197144584,14.246751193277392,1749.3265142661476,4195.746728999079,44.77453014380543,13381.882782735724,0.9123884147172617,0.02706330646870781,0.8609544220736449,0.9523898483718084,
development,44,l_shape,parmetis_raw,10,790.5,102.79456319388795,643.0,943.0,1423.6,205.33614716686716,1129.0,1727.0,2213.1,308.1303656282876,1771.0,2669.0,1.0198848926816055,0.006646456373574752,1.0087976539589443,1.0293706293706293,0.01686860805928503,0.0024293003226014023,0.012539527845405374,0.02074951463729585,278.4,22.549698199507876,248.0,303.0,0.1,0.31622776601683794,0.0,1.0,0.1,0.31622776601683794,0.0,1.0,30.7,0.6749485577105528,30.0,32.0,0.44702316508628426,0.006170064205511986,0.4388264659792185,0.46212768787518144,0.0,0.0,0.0,0.0,0.0,0.0,0.0,0.0,0.0,0.0,0.0,0.0,0.8309879650364648,0.6685741910179872,0.004956460455102275,1.7667798817935458,4.646952247423635,3.4893222223550264,2.985356197144584,14.246751193277392,1749.3265142661476,4195.746728999079,44.77453014380543,13381.882782735724,0.9123884147172617,0.02706330646870781,0.8609544220736449,0.9523898483718084,
development,44,l_shape,parmetis_repaired,10,790.5,102.79456319388795,643.0,943.0,1423.6,205.33614716686716,1129.0,1727.0,2213.1,308.1303656282876,1771.0,2669.0,1.0446173540371344,0.08106370060556527,1.0087976539589443,1.2746730083234246,0.024360513300527235,0.023851846871140923,0.012539527845405374,0.0918911316083921,277.6,21.787866144051627,248.0,303.0,0.0,0.0,0.0,0.0,0.0,0.0,0.0,0.0,30.6,0.6992058987801011,30.0,32.0,0.4553000763989985,0.012461430209224168,0.4419685397297144,0.48504730267450213,0.008276911312714219,0.011621120263120953,0.0031420737504959106,0.04083202360197902,1.3,4.110960958218892,0.0,13.0,0.0015457788347205707,0.0048881818765979706,0.0,0.015457788347205707,0.8309879650364648,0.6685741910179872,0.004956460455102275,1.7667798817935458,4.646952247423635,3.4893222223550264,2.985356197144584,14.246751193277392,1749.3265142661476,4195.746728999079,44.77453014380543,13381.882782735724,0.9123884147172617,0.02706330646870781,0.8609544220736449,0.9523898483718084,0.1
development,44,rectangle,bfs_connected,25,786.08,116.79038202409191,563.0,954.0,1414.16,233.58076404818382,968.0,1750.0,2199.24,350.3711460722758,1530.0,2703.0,1.386047170084266,0.09630299750963325,1.2205270457697641,1.5702199661590523,0.2468829922287506,0.041178671377129036,0.18453053341681666,0.323273793756948,415.96,40.59708528125305,336.0,483.0,0.0,0.0,0.0,0.0,0.0,0.0,0.0,0.0,33.2,1.0408329997330663,30.0,35.0,0.007309509646147489,0.006472925645501494,0.0044705490581691265,0.03809918090701103,0.0,0.0,0.0,0.0,0.0,0.0,0.0,0.0,0.0,0.0,0.0,0.0,0.7825334098187164,0.5561459489254408,0.10746216683219015,2.2932379177309627,3.3696904298167283,0.22873641676510853,3.05904071459838,3.9116275262261535,150.4831978372066,135.60591215508836,35.048374931511596,608.3972931672847,0.9271580177660046,0.034527257141634085,0.8761276826056659,1.0077188085094455,
development,44,rectangle,parmetis_raw,25,786.08,116.79038202409191,563.0,954.0,1414.16,233.58076404818382,968.0,1750.0,2199.24,350.3711460722758,1530.0,2703.0,1.0202975583902998,0.0059065818603761255,1.0109356014580801,1.0303766707168893,0.016395568387170902,0.003998970847481204,0.01044977862786653,0.02525348827952373,285.92,26.550141242562155,237.0,329.0,0.12,0.33166247903553997,0.0,1.0,0.12,0.33166247903553997,0.0,1.0,32.84,0.7461009761866464,32.0,35.0,0.4452600766532123,0.005099174894785817,0.4388633919879794,0.4573020562529564,0.0,0.0,0.0,0.0,0.0,0.0,0.0,0.0,0.0,0.0,0.0,0.0,0.7825334098187164,0.5561459489254408,0.10746216683219015,2.2932379177309627,3.3696904298167283,0.22873641676510853,3.05904071459838,3.9116275262261535,150.4831978372066,135.60591215508836,35.048374931511596,608.3972931672847,0.9271580177660046,0.034527257141634085,0.8761276826056659,1.0077188085094455,
development,44,rectangle,parmetis_repaired,25,786.08,116.79038202409191,563.0,954.0,1414.16,233.58076404818382,968.0,1750.0,2199.24,350.3711460722758,1530.0,2703.0,1.0720650462901866,0.14301990415135926,1.0109356014580801,1.463071512309496,0.034757684451126064,0.049448571851839714,0.01044977862786653,0.16868804335776896,284.84,26.44598268168532,237.0,329.0,0.0,0.0,0.0,0.0,0.0,0.0,0.0,0.0,32.64,0.5686240703077327,32.0,34.0,0.45331546874716877,0.01378459362902915,0.4415580132044852,0.5053793843835592,0.00805539209395647,0.011898459313624803,0.002694621216505766,0.05514648696407676,2.72,7.547184905645284,0.0,24.0,0.003395219045001406,0.009384829100283536,0.0,0.028811524609843937,0.7825334098187164,0.5561459489254408,0.10746216683219015,2.2932379177309627,3.3696904298167283,0.22873641676510853,3.05904071459838,3.9116275262261535,150.4831978372066,135.60591215508836,35.048374931511596,608.3972931672847,0.9271580177660046,0.034527257141634085,0.8761276826056659,1.0077188085094455,0.12
development,44,wavy,bfs_connected,25,726.12,133.75048909567894,520.0,913.0,1268.68,261.10769170337875,874.0,1634.0,1993.8,394.83087096460264,1393.0,2546.0,1.3217896903214512,0.0991709866401521,1.1751412429378532,1.5778546712802768,0.22366555394502524,0.06746092456395004,0.12059696668713044,0.39067771796377926,380.96,54.0805571963406,307.0,460.0,0.0,0.0,0.0,0.0,0.0,0.0,0.0,0.0,32.6,0.7637626158259734,31.0,34.0,0.0068828812055289745,0.006464120555192107,0.004116220399737358,0.03755319211632013,0.0,0.0,0.0,0.0,0.0,0.0,0.0,0.0,0.0,0.0,0.0,0.0,1.18678670130087,0.7814126020326048,0.2609658584075541,2.793860348000565,3.233263420893025,0.17209316092464472,2.985629084527872,3.608882960302626,88.1408113409976,66.17765922787149,22.127128757251167,270.66407422212995,0.8953706765685184,0.03048346110104305,0.812921928174346,0.9451596996424917,
development,44,wavy,parmetis_raw,25,726.12,133.75048909567894,520.0,913.0,1268.68,261.10769170337875,874.0,1634.0,1993.8,394.83087096460264,1393.0,2546.0,1.0158564796040093,0.006567575037293942,1.0049586776859505,1.0288248337028825,0.015038927104149245,0.0027593301101670746,0.01121437315087951,0.019460170216420797,277.4,30.297139578954752,231.0,321.0,0.16,0.3741657386773941,0.0,1.0,0.16,0.3741657386773941,0.0,1.0,32.6,0.7071067811865475,31.0,34.0,0.44482575906440613,0.0033398506979490784,0.43709384882822633,0.45200343802571297,0.0,0.0,0.0,0.0,0.0,0.0,0.0,0.0,0.0,0.0,0.0,0.0,1.18678670130087,0.7814126020326048,0.2609658584075541,2.793860348000565,3.233263420893025,0.17209316092464472,2.985629084527872,3.608882960302626,88.1408113409976,66.17765922787149,22.127128757251167,270.66407422212995,0.8953706765685184,0.03048346110104305,0.812921928174346,0.9451596996424917,
development,44,wavy,parmetis_repaired,25,726.12,133.75048909567894,520.0,913.0,1268.68,261.10769170337875,874.0,1634.0,1993.8,394.83087096460264,1393.0,2546.0,1.034748812342345,0.06522003856822828,1.0049586776859505,1.3132328308207706,0.021469153825245807,0.022365942826928626,0.01121437315087951,0.11400789979326202,276.72,30.589377241127348,231.0,318.0,0.0,0.0,0.0,0.0,0.0,0.0,0.0,0.0,32.48,0.8225975119502044,31.0,34.0,0.44847748773172497,0.0034830136880247566,0.44078797893598676,0.45471326215192676,0.0036517286673188208,0.0009897563522142413,0.0024062730371952057,0.0070314002223312855,0.88,2.6664583251946765,0.0,12.0,0.0014130853471183195,0.004469823860463179,0.0,0.020100502512562814,1.18678670130087,0.7814126020326048,0.2609658584075541,2.793860348000565,3.233263420893025,0.17209316092464472,2.985629084527872,3.608882960302626,88.1408113409976,66.17765922787149,22.127128757251167,270.66407422212995,0.8953706765685184,0.03048346110104305,0.812921928174346,0.9451596996424917,0.16
development,45,annulus,bfs_connected,10,691.8,108.02756849784019,566.0,842.0,1203.3,209.16184589398176,964.0,1501.0,1895.1,317.14400864941814,1530.0,2343.0,1.5418459425963857,0.23389123800573464,1.2885906040268456,1.9285714285714286,0.31918308591304745,0.07308645640065141,0.23947978987724125,0.45400710234487723,349.2,41.600747856525636,291.0,422.0,0.0,0.0,0.0,0.0,0.0,0.0,0.0,0.0,30.7,1.1595018087284057,29.0,32.0,0.005285576498135924,0.0007391589999943449,0.004425880964845419,0.006393721792846918,0.0,0.0,0.0,0.0,0.0,0.0,0.0,0.0,0.0,0.0,0.0,0.0,0.3136438615321942,0.4360098467001766,0.00510542748770173,1.4124889697179428,5.086765631262098,3.116610489186145,3.1502503853843247,12.945965069639986,2267.021152070803,3976.0479158036533,41.010576026252544,12118.600123174432,0.9894688330178418,0.04207998449183699,0.922247162671454,1.0658219641288373,
development,45,annulus,parmetis_raw,10,691.8,108.02756849784019,566.0,842.0,1203.3,209.16184589398176,964.0,1501.0,1895.1,317.14400864941814,1530.0,2343.0,1.0216333330364122,0.007567449047327929,1.0033898305084745,1.029126213592233,0.016200820551902195,0.0033468089680759035,0.009262780353409807,0.021295885499997995,255.2,23.831818133653915,223.0,288.0,0.0,0.0,0.0,0.0,0.0,0.0,0.0,0.0,27.3,1.636391694484477,25.0,30.0,0.44583640941418706,0.005735344534408221,0.4392865230329335,0.4586553731933236,0.0,0.0,0.0,0.0,0.0,0.0,0.0,0.0,0.0,0.0,0.0,0.0,0.3136438615321942,0.4360098467001766,0.00510542748770173,1.4124889697179428,5.086765631262098,3.116610489186145,3.1502503853843247,12.945965069639986,2267.021152070803,3976.0479158036533,41.010576026252544,12118.600123174432,0.9894688330178418,0.04207998449183699,0.922247162671454,1.0658219641288373,
development,45,annulus,parmetis_repaired,10,691.8,108.02756849784019,566.0,842.0,1203.3,209.16184589398176,964.0,1501.0,1895.1,317.14400864941814,1530.0,2343.0,1.0216333330364122,0.007567449047327929,1.0033898305084745,1.029126213592233,0.016200820551902195,0.0033468089680759035,0.009262780353409807,0.021295885499997995,255.2,23.831818133653915,223.0,288.0,0.0,0.0,0.0,0.0,0.0,0.0,0.0,0.0,27.3,1.636391694484477,25.0,30.0,0.4498498217668384,0.0072454240125615806,0.44198312191292644,0.46779551496729255,0.004013412352651358,0.0019386165786389239,0.00258988281711936,0.009140141773968935,0.0,0.0,0.0,0.0,0.0,0.0,0.0,0.0,0.3136438615321942,0.4360098467001766,0.00510542748770173,1.4124889697179428,5.086765631262098,3.116610489186145,3.1502503853843247,12.945965069639986,2267.021152070803,3976.0479158036533,41.010576026252544,12118.600123174432,0.9894688330178418,0.04207998449183699,0.922247162671454,1.0658219641288373,0.0
development,45,l_shape,bfs_connected,10,738.6,124.40989599795596,580.0,926.0,1319.2,249.253017367226,1003.0,1695.0,2056.8,373.6619981867154,1582.0,2620.0,1.2464359568639225,0.0966987812622606,1.1121642969984202,1.4609720176730485,0.18000747353763133,0.04224514119485502,0.10997197386524202,0.22152379191755386,385.7,51.11435980013618,321.0,458.0,0.0,0.0,0.0,0.0,0.0,0.0,0.0,0.0,31.8,0.6324555320336759,31.0,33.0,0.005674441484734416,0.0009418659257692411,0.004556776024401188,0.007141239009797573,0.0,0.0,0.0,0.0,0.0,0.0,0.0,0.0,0.0,0.0,0.0,0.0,0.9255295248627922,0.8127739764887437,0.011403305625394378,1.9928919280267152,4.041674118886891,1.494387523930931,3.0378982951965003,7.090524449634298,1109.9199862007467,2048.9969759016567,29.0276994584553,5315.8547942365585,0.9160585549354341,0.04758476076621656,0.8666448982142639,1.001007928962742,
development,45,l_shape,parmetis_raw,10,738.6,124.40989599795596,580.0,926.0,1319.2,249.253017367226,1003.0,1695.0,2056.8,373.6619981867154,1582.0,2620.0,1.0179493062911604,0.005984443526100283,1.0082191780821919,1.0296010296010296,0.015196492147492214,0.0038242539302725483,0.009389050536260404,0.02251823210958284,272.9,27.93424819504227,234.0,309.0,0.1,0.31622776601683794,0.0,1.0,0.1,0.31622776601683794,0.0,1.0,31.1,0.8755950357709131,30.0,33.0,0.44859043825417755,0.006527451981790067,0.4422726286575198,0.4648832129314542,0.0,0.0,0.0,0.0,0.0,0.0,0.0,0.0,0.0,0.0,0.0,0.0,0.9255295248627922,0.8127739764887437,0.011403305625394378,1.9928919280267152,4.041674118886891,1.494387523930931,3.0378982951965003,7.090524449634298,1109.9199862007467,2048.9969759016567,29.0276994584553,5315.8547942365585,0.9160585549354341,0.04758476076621656,0.8666448982142639,1.001007928962742,
development,45,l_shape,parmetis_repaired,10,738.6,124.40989599795596,580.0,926.0,1319.2,249.253017367226,1003.0,1695.0,2056.8,373.6619981867154,1582.0,2620.0,1.031772200459627,0.04463496696136664,1.0082191780821919,1.1576673866090712,0.019547884699751807,0.014314355034659063,0.009389050536260404,0.05880655970241076,272.2,27.03002445840962,234.0,309.0,0.0,0.0,0.0,0.0,0.0,0.0,0.0,0.0,31.1,0.8755950357709131,30.0,33.0,0.4531602312810719,0.007481274820481882,0.44554690597578883,0.4677481157705188,0.004569793026894331,0.0030102178327853137,0.002861261833459139,0.012912536971271038,0.9,2.8460498941515415,0.0,9.0,0.0009719222462203023,0.003073488006643133,0.0,0.009719222462203024,0.9255295248627922,0.8127739764887437,0.011403305625394378,1.9928919280267152,4.041674118886891,1.494387523930931,3.0378982951965003,7.090524449634298,1109.9199862007467,2048.9969759016567,29.0276994584553,5315.8547942365585,0.9160585549354341,0.04758476076621656,0.8666448982142639,1.001007928962742,0.1
development,45,rectangle,bfs_connected,25,776.48,85.94868624165623,603.0,932.0,1394.96,171.89737248331247,1048.0,1706.0,2170.44,257.84605872496866,1650.0,2637.0,1.3257039467852538,0.0731927603957731,1.193075898801598,1.5312066574202496,0.2241979662214778,0.04172133954464293,0.14303818410436472,0.294658122164543,410.92,34.60120421796521,363.0,479.0,0.0,0.0,0.0,0.0,0.0,0.0,0.0,0.0,32.88,0.8326663997864531,31.0,35.0,0.007240136824548244,0.006623411998959415,0.00456642173230648,0.038851914927363396,0.0,0.0,0.0,0.0,0.0,0.0,0.0,0.0,0.0,0.0,0.0,0.0,0.646601774706282,0.5720609385357849,0.06803583911083222,2.3955241548377835,3.469011746780424,0.2575403483523825,3.1066703046471593,4.040117537087973,277.77234794077066,293.2458791463725,24.594234633220722,1039.5628537374253,0.9251544431923768,0.030412730978288036,0.8623448155834139,1.0106404392920016,
development,45,rectangle,parmetis_raw,25,776.48,85.94868624165623,603.0,932.0,1394.96,171.89737248331247,1048.0,1706.0,2170.44,257.84605872496866,1650.0,2637.0,1.0198438229142817,0.005964356162069386,1.0091984231274638,1.0348258706467661,0.01661763305975327,0.004297933136461773,0.010564712913173386,0.026918169673469456,283.24,19.738456542158172,251.0,325.0,0.0,0.0,0.0,0.0,0.0,0.0,0.0,0.0,32.68,0.6904105059069325,31.0,34.0,0.4424917745217681,0.004030584554992234,0.43614059407263994,0.44922993797808886,0.0,0.0,0.0,0.0,0.0,0.0,0.0,0.0,0.0,0.0,0.0,0.0,0.646601774706282,0.5720609385357849,0.06803583911083222,2.3955241548377835,3.469011746780424,0.2575403483523825,3.1066703046471593,4.040117537087973,277.77234794077066,293.2458791463725,24.594234633220722,1039.5628537374253,0.9251544431923768,0.030412730978288036,0.8623448155834139,1.0106404392920016,
development,45,rectangle,parmetis_repaired,25,776.48,85.94868624165623,603.0,932.0,1394.96,171.89737248331247,1048.0,1706.0,2170.44,257.84605872496866,1650.0,2637.0,1.0198438229142817,0.005964356162069386,1.0091984231274638,1.0348258706467661,0.01661763305975327,0.004297933136461773,0.010564712913173386,0.026918169673469456,283.24,19.738456542158172,251.0,325.0,0.0,0.0,0.0,0.0,0.0,0.0,0.0,0.0,32.68,0.6904105059069325,31.0,34.0,0.4464470519311726,0.004083758650987941,0.4398680911399424,0.45290849497541785,0.0039552774094045165,0.0007563180092263319,0.0029944879934191704,0.006464669946581125,0.0,0.0,0.0,0.0,0.0,0.0,0.0,0.0,0.646601774706282,0.5720609385357849,0.06803583911083222,2.3955241548377835,3.469011746780424,0.2575403483523825,3.1066703046471593,4.040117537087973,277.77234794077066,293.2458791463725,24.594234633220722,1039.5628537374253,0.9251544431923768,0.030412730978288036,0.8623448155834139,1.0106404392920016,0.0
development,45,wavy,bfs_connected,25,755.16,108.50218123767529,534.0,915.0,1324.68,213.04669284767914,893.0,1628.0,2078.84,321.52548888074176,1426.0,2542.0,1.317980165895184,0.11912773551219454,1.1481481481481481,1.6179775280898876,0.2255777944844121,0.050244002244571644,0.10755044822345675,0.30729266262599086,394.36,46.25281973386415,294.0,458.0,0.0,0.0,0.0,0.0,0.0,0.0,0.0,0.0,32.6,0.8660254037844387,31.0,34.0,0.005710904877632856,0.0007287993541752839,0.004198058973997831,0.0066538588143885136,0.0,0.0,0.0,0.0,0.0,0.0,0.0,0.0,0.0,0.0,0.0,0.0,0.9103782089988273,0.4792912415162177,0.14573667829196593,1.7223765501820596,3.3037524689254045,0.19780490284361743,3.0471737322402537,3.825525665390228,113.29999421849544,107.35666888603367,33.43326948762173,500.760783480385,0.9064782250117192,0.026164843761495558,0.8487983002608332,0.9538353346087541,
development,45,wavy,parmetis_raw,25,755.16,108.50218123767529,534.0,915.0,1324.68,213.04669284767914,893.0,1628.0,2078.84,321.52548888074176,1426.0,2542.0,1.0193162899929262,0.007010041962094236,1.0018416206261511,1.035667107001321,0.01646642288383346,0.00437460654556814,0.007366482504604052,0.025267690131824637,280.0,26.396022427631024,228.0,314.0,0.12,0.33166247903553997,0.0,1.0,0.12,0.33166247903553997,0.0,1.0,32.68,0.9882644720249062,31.0,34.0,0.44371554654091594,0.0038311014417739737,0.43752198899164796,0.4511397313326597,0.0,0.0,0.0,0.0,0.0,0.0,0.0,0.0,0.0,0.0,0.0,0.0,0.9103782089988273,0.4792912415162177,0.14573667829196593,1.7223765501820596,3.3037524689254045,0.19780490284361743,3.0471737322402537,3.825525665390228,113.29999421849544,107.35666888603367,33.43326948762173,500.760783480385,0.9064782250117192,0.026164843761495558,0.8487983002608332,0.9538353346087541,
development,45,wavy,parmetis_repaired,25,755.16,108.50218123767529,534.0,915.0,1324.68,213.04669284767914,893.0,1628.0,2078.84,321.52548888074176,1426.0,2542.0,1.0585316551501485,0.12565808326160355,1.0018416206261511,1.4795244385733157,0.02964773524046996,0.04334297285052901,0.007366482504604052,0.1791325536657382,279.4,26.94593352128171,224.0,314.0,0.0,0.0,0.0,0.0,0.0,0.0,0.0,0.0,32.52,0.8717797887081346,31.0,34.0,0.4480222781188786,0.004984123241828202,0.44072401942685246,0.46219357708469033,0.004306731577962637,0.0018489201917296246,0.002343593630939722,0.011053845752030611,1.68,5.257692776621066,0.0,22.0,0.0025592789829273085,0.007937551098782508,0.0,0.02906208718626156,0.9103782089988273,0.4792912415162177,0.14573667829196593,1.7223765501820596,3.3037524689254045,0.19780490284361743,3.0471737322402537,3.825525665390228,113.29999421849544,107.35666888603367,33.43326948762173,500.760783480385,0.9064782250117192,0.026164843761495558,0.8487983002608332,0.9538353346087541,0.12
final_ood,101,c_shape,bfs_connected,10,1188.5,129.3739197485765,1016.0,1368.0,2290.4,257.3420551198994,1945.0,2647.0,3477.9,386.7133448836633,2960.0,4014.0,1.2948728980156208,0.20912670604661365,1.112807463952502,1.786046511627907,0.19563807180740217,0.08269359883692926,0.11713772662914791,0.3642902817952905,577.6,45.142244319730295,508.0,671.0,0.0,0.0,0.0,0.0,0.0,0.0,0.0,0.0,32.0,0.9428090415820634,31.0,34.0,0.009251827606931329,0.0010194464950243657,0.007819775957614183,0.010947355069220066,0.0,0.0,0.0,0.0,0.0,0.0,0.0,0.0,0.0,0.0,0.0,0.0,0.08031070340749502,0.10637071981368539,0.00021784114473632346,0.3058312591593038,21.764660224658616,43.33608387481021,3.7065628478373487,143.69376939398705,38321.33484314832,98086.30381487783,244.24629014309713,314411.38487911696,0.9064970476369195,0.026503044615129666,0.866150055146738,0.9463616545413628,
final_ood,101,c_shape,parmetis_raw,10,1188.5,129.3739197485765,1016.0,1368.0,2290.4,257.3420551198994,1945.0,2647.0,3477.9,386.7133448836633,2960.0,4014.0,1.0231808737047963,0.004274744217440243,1.0175438596491229,1.0294573643410854,0.01608352081150383,0.0013160579317661701,0.014085467574801825,0.017618260279423124,352.6,19.945481248198103,327.0,385.0,0.0,0.0,0.0,0.0,0.0,0.0,0.0,0.0,27.0,1.8856180831641267,23.0,29.0,0.44903100915253163,0.0038957966309418448,0.4402166400104761,0.4543077680282295,0.0,0.0,0.0,0.0,0.0,0.0,0.0,0.0,0.0,0.0,0.0,0.0,0.08031070340749502,0.10637071981368539,0.00021784114473632346,0.3058312591593038,21.764660224658616,43.33608387481021,3.7065628478373487,143.69376939398705,38321.33484314832,98086.30381487783,244.24629014309713,314411.38487911696,0.9064970476369195,0.026503044615129666,0.866150055146738,0.9463616545413628,
final_ood,101,c_shape,parmetis_repaired,10,1188.5,129.3739197485765,1016.0,1368.0,2290.4,257.3420551198994,1945.0,2647.0,3477.9,386.7133448836633,2960.0,4014.0,1.0231808737047963,0.004274744217440243,1.0175438596491229,1.0294573643410854,0.01608352081150383,0.0013160579317661701,0.014085467574801825,0.017618260279423124,352.6,19.945481248198103,327.0,385.0,0.0,0.0,0.0,0.0,0.0,0.0,0.0,0.0,27.0,1.8856180831641267,23.0,29.0,0.4557024588808417,0.0052197003299935645,0.44568712916225195,0.4654646683484316,0.006671449728310108,0.002169609629852137,0.004686108324676752,0.012469163164496422,0.0,0.0,0.0,0.0,0.0,0.0,0.0,0.0,0.08031070340749502,0.10637071981368539,0.00021784114473632346,0.3058312591593038,21.764660224658616,43.33608387481021,3.7065628478373487,143.69376939398705,38321.33484314832,98086.30381487783,244.24629014309713,314411.38487911696,0.9064970476369195,0.026503044615129666,0.866150055146738,0.9463616545413628,0.0
final_ood,101,two_hole,bfs_connected,10,1448.4,151.89704115324668,1238.0,1615.0,2594.5,299.3193203846948,2186.0,2935.0,4043.9,451.18817212629443,3425.0,4551.0,1.2917777238083636,0.07249084558564137,1.1591331269349845,1.391304347826087,0.23584826914070794,0.053000158604104446,0.13966200151894198,0.2934459941170323,551.4,48.78114389802683,474.0,622.0,0.0,0.0,0.0,0.0,0.0,0.0,0.0,0.0,31.3,0.9486832980505137,30.0,33.0,0.014505738019943237,0.011311123774043598,0.009446932002902031,0.04656279273331165,0.0,0.0,0.0,0.0,0.0,0.0,0.0,0.0,0.0,0.0,0.0,0.0,0.503364439477743,0.41490327610672234,0.07065904131815312,1.1532798842748766,3.409188488513449,0.2888964029399264,3.144420570399876,4.038389426564627,440.55574683587747,452.7082131625171,63.00911363819799,1214.748012674026,0.8944269089381969,0.019774259475709075,0.8647396711159291,0.9366018960931319,
final_ood,101,two_hole,parmetis_raw,10,1448.4,151.89704115324668,1238.0,1615.0,2594.5,299.3193203846948,2186.0,2935.0,4043.9,451.18817212629443,3425.0,4551.0,1.0204596516021078,0.006622745232710662,1.0080775444264944,1.0290964777947933,0.014219724807843694,0.0047695189873410565,0.006462035541195477,0.021755167942973403,357.2,24.38943304885221,325.0,391.0,0.0,0.0,0.0,0.0,0.0,0.0,0.0,0.0,28.2,1.9888578520235065,26.0,31.0,0.4500497809611261,0.0036379926227171296,0.4453706592321396,0.4543056432157755,0.0,0.0,0.0,0.0,0.0,0.0,0.0,0.0,0.0,0.0,0.0,0.0,0.503364439477743,0.41490327610672234,0.07065904131815312,1.1532798842748766,3.409188488513449,0.2888964029399264,3.144420570399876,4.038389426564627,440.55574683587747,452.7082131625171,63.00911363819799,1214.748012674026,0.8944269089381969,0.019774259475709075,0.8647396711159291,0.9366018960931319,
final_ood,101,two_hole,parmetis_repaired,10,1448.4,151.89704115324668,1238.0,1615.0,2594.5,299.3193203846948,2186.0,2935.0,4043.9,451.18817212629443,3425.0,4551.0,1.0204596516021078,0.006622745232710662,1.0080775444264944,1.0290964777947933,0.014219724807843694,0.0047695189873410565,0.006462035541195477,0.021755167942973403,357.2,24.38943304885221,325.0,391.0,0.0,0.0,0.0,0.0,0.0,0.0,0.0,0.0,28.2,1.9888578520235065,26.0,31.0,0.45765598458237944,0.003731767068036219,0.4517858559265733,0.46190546406432986,0.007606203621253371,0.0014416585138347687,0.006397524382919073,0.011109158862382174,0.0,0.0,0.0,0.0,0.0,0.0,0.0,0.0,0.503364439477743,0.41490327610672234,0.07065904131815312,1.1532798842748766,3.409188488513449,0.2888964029399264,3.144420570399876,4.038389426564627,440.55574683587747,452.7082131625171,63.00911363819799,1214.748012674026,0.8944269089381969,0.019774259475709075,0.8647396711159291,0.9366018960931319,0.0
final_ood,102,c_shape,bfs_connected,10,1182.9,123.57943913846583,1006.0,1382.0,2279.0,247.67765789877419,1922.0,2676.0,3460.9,371.2541657080167,2927.0,4057.0,1.2266567041179428,0.055689720761982545,1.1189827429609447,1.326170376055257,0.1777543113241698,0.029744334120302116,0.12945384171848673,0.21072546054704253,564.7,47.91902892727828,507.0,631.0,0.0,0.0,0.0,0.0,0.0,0.0,0.0,0.0,32.5,1.2692955176439846,31.0,34.0,0.009295018017292022,0.0009669148992503643,0.00772374402731657,0.010690779890865088,0.0,0.0,0.0,0.0,0.0,0.0,0.0,0.0,0.0,0.0,0.0,0.0,0.2462760114523074,0.1534805253087699,0.06422030258825959,0.4617157025588064,4.094191711649371,0.3108324527838788,3.7463084633771024,4.850851036843889,536.2792711214496,431.17861640362185,125.09080904011152,1367.298562420231,0.8872558075168762,0.02378182224962234,0.845786743850618,0.9398163338327573,
final_ood,102,c_shape,parmetis_raw,10,1182.9,123.57943913846583,1006.0,1382.0,2279.0,247.67765789877419,1922.0,2676.0,3460.9,371.2541657080167,2927.0,4057.0,1.019931309723253,0.005878249800638634,1.0069071373752878,1.025996533795494,0.013175728280916163,0.0028958489629671,0.006291297477181642,0.01684005456076231,358.1,23.605319551133196,313.0,393.0,0.0,0.0,0.0,0.0,0.0,0.0,0.0,0.0,28.1,1.5238839267549948,26.0,30.0,0.44857668452896177,0.005589421885485856,0.43881782703101635,0.4547654092311859,0.0,0.0,0.0,0.0,0.0,0.0,0.0,0.0,0.0,0.0,0.0,0.0,0.2462760114523074,0.1534805253087699,0.06422030258825959,0.4617157025588064,4.094191711649371,0.3108324527838788,3.7463084633771024,4.850851036843889,536.2792711214496,431.17861640362185,125.09080904011152,1367.298562420231,0.8872558075168762,0.02378182224962234,0.845786743850618,0.9398163338327573,
final_ood,102,c_shape,parmetis_repaired,10,1182.9,123.57943913846583,1006.0,1382.0,2279.0,247.67765789877419,1922.0,2676.0,3460.9,371.2541657080167,2927.0,4057.0,1.019931309723253,0.005878249800638634,1.0069071373752878,1.025996533795494,0.013175728280916163,0.0028958489629671,0.006291297477181642,0.01684005456076231,358.1,23.605319551133196,313.0,393.0,0.0,0.0,0.0,0.0,0.0,0.0,0.0,0.0,28.1,1.5238839267549948,26.0,30.0,0.4570601656101644,0.007991920219990905,0.4436438689008355,0.4708296502940357,0.008483481081202626,0.0042269715030127985,0.004826041869819164,0.016351566184312105,0.0,0.0,0.0,0.0,0.0,0.0,0.0,0.0,0.2462760114523074,0.1534805253087699,0.06422030258825959,0.4617157025588064,4.094191711649371,0.3108324527838788,3.7463084633771024,4.850851036843889,536.2792711214496,431.17861640362185,125.09080904011152,1367.298562420231,0.8872558075168762,0.02378182224962234,0.845786743850618,0.9398163338327573,0.0
final_ood,102,two_hole,bfs_connected,10,1412.1,145.27938601191843,1202.0,1628.0,2532.9,283.7277450890789,2121.0,2956.0,3946.0,428.96594011387174,3324.0,4585.0,1.332458725015648,0.10904306164369858,1.1290092658588737,1.4509151414309485,0.2527786561076383,0.07855275459708519,0.11625888992522446,0.34140251929278204,544.0,48.14561246884289,479.0,626.0,0.0,0.0,0.0,0.0,0.0,0.0,0.0,0.0,31.3,0.674948557710553,30.0,32.0,0.01062029697932303,0.0011004191491317326,0.008662838023155928,0.012263777200132608,0.0,0.0,0.0,0.0,0.0,0.0,0.0,0.0,0.0,0.0,0.0,0.0,0.5041572122030015,0.26475157607803773,0.18396548346946334,0.9204640683251232,3.36349053170161,0.13936934816893495,3.175115808006838,3.6114963438833567,182.45159922158768,134.16178215430247,68.97211421062703,423.1292609116559,0.8931987040897763,0.025490726506245814,0.8637573922659345,0.9397057313898178,
final_ood,102,two_hole,parmetis_raw,10,1412.1,145.27938601191843,1202.0,1628.0,2532.9,283.7277450890789,2121.0,2956.0,3946.0,428.96594011387174,3324.0,4585.0,1.018596685267325,0.007344235595951438,1.0091100210231254,1.0266211604095563,0.011764601367458131,0.0030212676832409176,0.008241453409209855,0.01887435294748076,356.3,19.71491257342466,326.0,381.0,0.1,0.31622776601683794,0.0,1.0,0.1,0.31622776601683794,0.0,1.0,28.4,1.3498971154211057,26.0,31.0,0.448316167620942,0.0046244751363532285,0.441791073884815,0.4557795259170234,0.0,0.0,0.0,0.0,0.0,0.0,0.0,0.0,0.0,0.0,0.0,0.0,0.5041572122030015,0.26475157607803773,0.18396548346946334,0.9204640683251232,3.36349053170161,0.13936934816893495,3.175115808006838,3.6114963438833567,182.45159922158768,134.16178215430247,68.97211421062703,423.1292609116559,0.8931987040897763,0.025490726506245814,0.8637573922659345,0.9397057313898178,
final_ood,102,two_hole,parmetis_repaired,10,1412.1,145.27938601191843,1202.0,1628.0,2532.9,283.7277450890789,2121.0,2956.0,3946.0,428.96594011387174,3324.0,4585.0,1.0445362578539132,0.08483705568305117,1.0091100210231254,1.2851879145173175,0.021439433436937418,0.03313621613734749,0.008241453409209855,0.1156226736422736,355.8,19.532309415711985,326.0,381.0,0.0,0.0,0.0,0.0,0.0,0.0,0.0,0.0,28.3,1.4181364924121764,26.0,31.0,0.4562767771538347,0.007276665943218173,0.44720965065062046,0.47280649095773697,0.007960609532892704,0.003324812612209837,0.005418576765805483,0.01702696504071355,2.7,8.538149682454623,0.0,27.0,0.001989683124539425,0.006291930495545042,0.0,0.01989683124539425,0.5041572122030015,0.26475157607803773,0.18396548346946334,0.9204640683251232,3.36349053170161,0.13936934816893495,3.175115808006838,3.6114963438833567,182.45159922158768,134.16178215430247,68.97211421062703,423.1292609116559,0.8931987040897763,0.025490726506245814,0.8637573922659345,0.9397057313898178,0.1
final_ood,103,c_shape,bfs_connected,10,1222.1,122.83634098533979,1017.0,1384.0,2357.1,244.47515211162053,1950.0,2682.0,3578.2,367.3075611043754,2966.0,4065.0,1.3119989649349209,0.19202585136368763,1.1343283582089552,1.7394084732214228,0.18568868522444712,0.08474588205429634,0.09868244348107305,0.3508911614192146,582.8,46.69237387173389,499.0,649.0,0.0,0.0,0.0,0.0,0.0,0.0,0.0,0.0,31.5,0.97182531580755,30.0,33.0,0.009622929757460952,0.0009832467932110172,0.007834066171199083,0.01072761882096529,0.0,0.0,0.0,0.0,0.0,0.0,0.0,0.0,0.0,0.0,0.0,0.0,0.10247059351120344,0.14583731126506957,0.0021371857620934354,0.3960455814841283,9.9494881955249,9.904211581722665,3.743229940224028,34.8633399310546,9296.997710881831,12919.73343330714,223.4705285949428,35284.570057322366,0.8996236508613444,0.022287320622621523,0.8695292986805729,0.9350392004834834,
final_ood,103,c_shape,parmetis_raw,10,1222.1,122.83634098533979,1017.0,1384.0,2357.1,244.47515211162053,1950.0,2682.0,3578.2,367.3075611043754,2966.0,4065.0,1.022615705135903,0.0039732244185483505,1.0173410404624277,1.0282131661442007,0.014239896311873671,0.002876124681649321,0.01034019873988342,0.01902597698713522,357.8,22.68038800373574,323.0,401.0,0.0,0.0,0.0,0.0,0.0,0.0,0.0,0.0,27.7,1.766981104093143,25.0,30.0,0.4509911405853927,0.009594260612966142,0.439955550711602,0.4694540239870548,0.0,0.0,0.0,0.0,0.0,0.0,0.0,0.0,0.0,0.0,0.0,0.0,0.10247059351120344,0.14583731126506957,0.0021371857620934354,0.3960455814841283,9.9494881955249,9.904211581722665,3.743229940224028,34.8633399310546,9296.997710881831,12919.73343330714,223.4705285949428,35284.570057322366,0.8996236508613444,0.022287320622621523,0.8695292986805729,0.9350392004834834,
final_ood,103,c_shape,parmetis_repaired,10,1222.1,122.83634098533979,1017.0,1384.0,2357.1,244.47515211162053,1950.0,2682.0,3578.2,367.3075611043754,2966.0,4065.0,1.022615705135903,0.0039732244185483505,1.0173410404624277,1.0282131661442007,0.014239896311873671,0.002876124681649321,0.01034019873988342,0.01902597698713522,357.8,22.68038800373574,323.0,401.0,0.0,0.0,0.0,0.0,0.0,0.0,0.0,0.0,27.7,1.766981104093143,25.0,30.0,0.45921648922376335,0.013399488405118105,0.4461736767552793,0.4913217560388148,0.008225348638370633,0.005047215470109611,0.0050641312263906,0.02186773205175996,0.0,0.0,0.0,0.0,0.0,0.0,0.0,0.0,0.10247059351120344,0.14583731126506957,0.0021371857620934354,0.3960455814841283,9.9494881955249,9.904211581722665,3.743229940224028,34.8633399310546,9296.997710881831,12919.73343330714,223.4705285949428,35284.570057322366,0.8996236508613444,0.022287320622621523,0.8695292986805729,0.9350392004834834,0.0
final_ood,103,two_hole,bfs_connected,10,1363.6,144.67066046714515,1185.0,1574.0,2423.9,284.2649194755562,2064.0,2821.0,3788.5,428.8647157839456,3250.0,4396.0,1.2675130366309733,0.09893168084746601,1.1522633744855968,1.4305882352941177,0.2165664719897001,0.05081569022031748,0.13926526928413857,0.2849479747875356,519.2,47.3422526807596,444.0,597.0,0.0,0.0,0.0,0.0,0.0,0.0,0.0,0.0,30.0,1.0540925533894598,28.0,31.0,0.010341363260522485,0.0013018013694670115,0.008916219230741262,0.012798239011317492,0.0,0.0,0.0,0.0,0.0,0.0,0.0,0.0,0.0,0.0,0.0,0.0,0.6427188622486515,0.585869129340522,0.02442909627260291,1.7548699024705903,3.5066955095288437,0.4772771596236865,3.0811444491414037,4.6339037438743045,705.1583237385288,1171.0076202060977,37.86815610708088,3708.0434879577924,0.9042381124499524,0.022037924161533003,0.8739303311991496,0.93554127609394,
final_ood,103,two_hole,parmetis_raw,10,1363.6,144.67066046714515,1185.0,1574.0,2423.9,284.2649194755562,2064.0,2821.0,3788.5,428.8647157839456,3250.0,4396.0,1.022231001892803,0.004434216134523516,1.016470588235294,1.0288248337028825,0.01343227553627532,0.004504479683855526,0.00730668654056682,0.02256036455043053,348.6,17.970345943618707,324.0,373.0,0.2,0.42163702135578396,0.0,1.0,0.2,0.42163702135578396,0.0,1.0,28.4,1.07496769977314,26.0,30.0,0.44862732933834193,0.00465302937103122,0.441033449023962,0.45594820799306035,0.0,0.0,0.0,0.0,0.0,0.0,0.0,0.0,0.0,0.0,0.0,0.0,0.6427188622486515,0.585869129340522,0.02442909627260291,1.7548699024705903,3.5066955095288437,0.4772771596236865,3.0811444491414037,4.6339037438743045,705.1583237385288,1171.0076202060977,37.86815610708088,3708.0434879577924,0.9042381124499524,0.022037924161533003,0.8739303311991496,0.93554127609394,
final_ood,103,two_hole,parmetis_repaired,10,1363.6,144.67066046714515,1185.0,1574.0,2423.9,284.2649194755562,2064.0,2821.0,3788.5,428.8647157839456,3250.0,4396.0,1.1034315053297281,0.17727329412969953,1.016470588235294,1.5136733185513673,0.04145574567967321,0.0615649441919555,0.00730668654056682,0.18426497848484163,345.5,17.424440051580167,324.0,373.0,0.0,0.0,0.0,0.0,0.0,0.0,0.0,0.0,28.3,1.1595018087284057,26.0,30.0,0.4635471425019205,0.01879257167002689,0.44659090088680387,0.5088852914050221,0.01491981316357851,0.01798904974352055,0.0055574518628418446,0.05543624563142657,7.5,15.953056133543816,0.0,42.0,0.005212839058393488,0.011237374555220028,0.0,0.031042128603104215,0.6427188622486515,0.585869129340522,0.02442909627260291,1.7548699024705903,3.5066955095288437,0.4772771596236865,3.0811444491414037,4.6339037438743045,705.1583237385288,1171.0076202060977,37.86815610708088,3708.0434879577924,0.9042381124499524,0.022037924161533003,0.8739303311991496,0.93554127609394,0.2
final_ood,104,c_shape,bfs_connected,10,1189.8,134.0777552185464,1069.0,1467.0,2292.1,266.171811680601,2052.0,2842.0,3480.9,400.24838121679727,3120.0,4308.0,1.2344205165399884,0.08443641845792295,1.1156222418358341,1.3934300993124522,0.15952503284848105,0.030506096808915587,0.11276394405858793,0.21065019020110307,559.5,52.04965577856079,497.0,681.0,0.0,0.0,0.0,0.0,0.0,0.0,0.0,0.0,31.8,0.7888106377466155,30.0,33.0,0.009270952874794602,0.0010390006962571184,0.008073445409536362,0.011414875742048025,0.0,0.0,0.0,0.0,0.0,0.0,0.0,0.0,0.0,0.0,0.0,0.0,0.24162113288377357,0.1862341159193233,0.012201599653789743,0.5326101813446134,4.292651867052686,0.8410994708288416,3.7616130966296253,6.587239899821174,992.8333356399468,1627.004846133647,107.70077893272597,5446.949435963918,0.8870943735851039,0.02204556637210703,0.8476978308024348,0.9268101720590377,
final_ood,104,c_shape,parmetis_raw,10,1189.8,134.0777552185464,1069.0,1467.0,2292.1,266.171811680601,2052.0,2842.0,3480.9,400.24838121679727,3120.0,4308.0,1.0203644939500291,0.005039722842388007,1.0139794967381175,1.0282776349614395,0.01567240735406374,0.0032949496422118364,0.01187020071353559,0.02058577896461009,356.6,18.756924647239543,333.0,391.0,0.0,0.0,0.0,0.0,0.0,0.0,0.0,0.0,28.8,0.9189365834726815,27.0,30.0,0.4467207902576774,0.0051472343363409825,0.43701562006026506,0.4519157879985869,0.0,0.0,0.0,0.0,0.0,0.0,0.0,0.0,0.0,0.0,0.0,0.0,0.24162113288377357,0.1862341159193233,0.012201599653789743,0.5326101813446134,4.292651867052686,0.8410994708288416,3.7616130966296253,6.587239899821174,992.8333356399468,1627.004846133647,107.70077893272597,5446.949435963918,0.8870943735851039,0.02204556637210703,0.8476978308024348,0.9268101720590377,
final_ood,104,c_shape,parmetis_repaired,10,1189.8,134.0777552185464,1069.0,1467.0,2292.1,266.171811680601,2052.0,2842.0,3480.9,400.24838121679727,3120.0,4308.0,1.0203644939500291,0.005039722842388007,1.0139794967381175,1.0282776349614395,0.01567240735406374,0.0032949496422118364,0.01187020071353559,0.02058577896461009,356.6,18.756924647239543,333.0,391.0,0.0,0.0,0.0,0.0,0.0,0.0,0.0,0.0,28.8,0.9189365834726815,27.0,30.0,0.4563106597866863,0.01347225046469816,0.44254362117499113,0.49124831706285477,0.009589869529008865,0.011549984582132824,0.005365860182791948,0.04241225402802229,0.0,0.0,0.0,0.0,0.0,0.0,0.0,0.0,0.24162113288377357,0.1862341159193233,0.012201599653789743,0.5326101813446134,4.292651867052686,0.8410994708288416,3.7616130966296253,6.587239899821174,992.8333356399468,1627.004846133647,107.70077893272597,5446.949435963918,0.8870943735851039,0.02204556637210703,0.8476978308024348,0.9268101720590377,0.0
final_ood,104,two_hole,bfs_connected,10,1407.8,134.7704220764581,1179.0,1558.0,2523.8,259.5782048717582,2086.0,2802.0,3932.6,394.28788129149154,3266.0,4361.0,1.3253041334231401,0.07925769465490529,1.1942324003392706,1.4634146341463414,0.25044700096673617,0.05721467283917378,0.1726955957031983,0.32466079418692545,535.5,25.373871075051465,506.0,575.0,0.0,0.0,0.0,0.0,0.0,0.0,0.0,0.0,30.9,1.728840330651992,28.0,33.0,0.014344996679574252,0.011830499584848686,0.00877613015472889,0.04788759024813771,0.0,0.0,0.0,0.0,0.0,0.0,0.0,0.0,0.0,0.0,0.0,0.0,0.49873232321566474,0.31654170205223675,0.14709840491458517,1.0151525325054194,3.376897799842071,0.1825590774879075,3.1800613642648248,3.772894853178064,232.6304240325448,191.46233403607576,67.06622038120685,540.2064885287665,0.8852952315620553,0.017550757785879053,0.8709004370088448,0.9267172603755497,
final_ood,104,two_hole,parmetis_raw,10,1407.8,134.7704220764581,1179.0,1558.0,2523.8,259.5782048717582,2086.0,2802.0,3932.6,394.28788129149154,3266.0,4361.0,1.021549602998335,0.0058950748219532435,1.0116838487972508,1.029810298102981,0.013314461727682836,0.005194930864580062,0.007851080409970528,0.02610643811120281,359.8,17.83753844502592,328.0,379.0,0.0,0.0,0.0,0.0,0.0,0.0,0.0,0.0,28.9,1.728840330651992,26.0,32.0,0.45210587736219165,0.007306883621254122,0.44539603404700756,0.4662058469839394,0.0,0.0,0.0,0.0,0.0,0.0,0.0,0.0,0.0,0.0,0.0,0.0,0.49873232321566474,0.31654170205223675,0.14709840491458517,1.0151525325054194,3.376897799842071,0.1825590774879075,3.1800613642648248,3.772894853178064,232.6304240325448,191.46233403607576,67.06622038120685,540.2064885287665,0.8852952315620553,0.017550757785879053,0.8709004370088448,0.9267172603755497,
final_ood,104,two_hole,parmetis_repaired,10,1407.8,134.7704220764581,1179.0,1558.0,2523.8,259.5782048717582,2086.0,2802.0,3932.6,394.28788129149154,3266.0,4361.0,1.021549602998335,0.0058950748219532435,1.0116838487972508,1.029810298102981,0.013314461727682836,0.005194930864580062,0.007851080409970528,0.02610643811120281,359.8,17.83753844502592,328.0,379.0,0.0,0.0,0.0,0.0,0.0,0.0,0.0,0.0,28.9,1.728840330651992,26.0,32.0,0.46114346929825845,0.011146905654584692,0.451737305149436,0.4844334162771702,0.009037591936066746,0.005183562125011102,0.005861765705049038,0.020904504228383303,0.0,0.0,0.0,0.0,0.0,0.0,0.0,0.0,0.49873232321566474,0.31654170205223675,0.14709840491458517,1.0151525325054194,3.376897799842071,0.1825590774879075,3.1800613642648248,3.772894853178064,232.6304240325448,191.46233403607576,67.06622038120685,540.2064885287665,0.8852952315620553,0.017550757785879053,0.8709004370088448,0.9267172603755497,0.0
final_ood,105,c_shape,bfs_connected,10,1229.8,133.2347969229927,1053.0,1476.0,2372.3,264.98974822937333,2019.0,2863.0,3601.1,398.22284381151877,3071.0,4338.0,1.3758940302989195,0.22049488529820355,1.1490514905149052,1.8138138138138138,0.20980949927996012,0.0868571247489543,0.11563911417317799,0.36151965676570585,581.4,44.00808006617775,530.0,679.0,0.0,0.0,0.0,0.0,0.0,0.0,0.0,0.0,31.8,0.9189365834726815,31.0,33.0,0.00963559146039188,0.0010315162800481146,0.00836277985945344,0.011159413959831,0.0,0.0,0.0,0.0,0.0,0.0,0.0,0.0,0.0,0.0,0.0,0.0,0.08294882818266636,0.11209158974610023,0.0036620363152520684,0.32818681039107744,7.372224310680245,4.0049361797094996,3.621278892878284,14.399900101187372,5536.288707077585,6894.686593299019,227.5048856674001,20624.93554707641,0.902211128527111,0.024314635786012413,0.8702305359863755,0.9509415153048241,
final_ood,105,c_shape,parmetis_raw,10,1229.8,133.2347969229927,1053.0,1476.0,2372.3,264.98974822937333,2019.0,2863.0,3601.1,398.22284381151877,3071.0,4338.0,1.0236790527104802,0.005815394504138183,1.0166414523449319,1.0330514988470407,0.016391862756753632,0.003628444843679748,0.0115876200636168,0.023621361455584165,356.5,16.160651802036533,330.0,384.0,0.1,0.31622776601683794,0.0,1.0,0.1,0.31622776601683794,0.0,1.0,27.8,1.8135294011647258,25.0,31.0,0.4466310785152018,0.0030664615419338727,0.4422405702061951,0.45101546915248036,0.0,0.0,0.0,0.0,0.0,0.0,0.0,0.0,0.0,0.0,0.0,0.0,0.08294882818266636,0.11209158974610023,0.0036620363152520684,0.32818681039107744,7.372224310680245,4.0049361797094996,3.621278892878284,14.399900101187372,5536.288707077585,6894.686593299019,227.5048856674001,20624.93554707641,0.902211128527111,0.024314635786012413,0.8702305359863755,0.9509415153048241,
final_ood,105,c_shape,parmetis_repaired,10,1229.8,133.2347969229927,1053.0,1476.0,2372.3,264.98974822937333,2019.0,2863.0,3601.1,398.22284381151877,3071.0,4338.0,1.0403932027579637,0.0511677140560454,1.0166414523449319,1.1851851851851851,0.021300627623554818,0.016095941046360765,0.0115876200636168,0.06593365651308952,355.7,17.486820433940782,327.0,384.0,0.0,0.0,0.0,0.0,0.0,0.0,0.0,0.0,27.6,1.5055453054181622,25.0,30.0,0.452958640595898,0.003324225451317117,0.44860440911725163,0.458909192122519,0.006327562080696225,0.0008476920417589365,0.005309170112013817,0.007893722970038652,1.1,3.478505426185217,0.0,11.0,0.0010446343779677114,0.003303423956491184,0.0,0.010446343779677113,0.08294882818266636,0.11209158974610023,0.0036620363152520684,0.32818681039107744,7.372224310680245,4.0049361797094996,3.621278892878284,14.399900101187372,5536.288707077585,6894.686593299019,227.5048856674001,20624.93554707641,0.902211128527111,0.024314635786012413,0.8702305359863755,0.9509415153048241,0.1
final_ood,105,two_hole,bfs_connected,10,1388.4,143.54496004930147,1178.0,1628.0,2476.6,283.8505866746721,2057.0,2952.0,3866.0,427.3351534022603,3236.0,4581.0,1.2739807633983393,0.0784488945374365,1.1753554502369667,1.4037367993501217,0.20806087110499044,0.04086695317731542,0.14511969068439534,0.2551416987464792,533.1,41.16484476400275,477.0,601.0,0.0,0.0,0.0,0.0,0.0,0.0,0.0,0.0,30.5,1.6499158227686108,27.0,33.0,0.014117285748943687,0.01188217594595923,0.00871297437697649,0.04779520723968744,0.0,0.0,0.0,0.0,0.0,0.0,0.0,0.0,0.0,0.0,0.0,0.0,0.6311973409781763,0.547988539340617,0.0541920851465694,1.644002227988356,3.4349355990772117,0.32783069254006675,3.0915515217597367,4.1167344131593095,348.3047004783745,387.2276868139255,45.11501803156826,1234.9826114419361,0.9007946764506926,0.021250107860077683,0.8754106829346112,0.9478753500395499,
final_ood,105,two_hole,parmetis_raw,10,1388.4,143.54496004930147,1178.0,1628.0,2476.6,283.8505866746721,2057.0,2952.0,3866.0,427.3351534022603,3236.0,4581.0,1.0197010988770192,0.005926049012451445,1.0100430416068866,1.0286441756842775,0.012785718956041556,0.0030793358896088474,0.008250161129736137,0.0175296391883473,346.5,16.75476714914959,325.0,377.0,0.0,0.0,0.0,0.0,0.0,0.0,0.0,0.0,28.9,1.9692073983655907,26.0,32.0,0.4514495704323053,0.006474269484543373,0.44435112038627267,0.46738334419205785,0.0,0.0,0.0,0.0,0.0,0.0,0.0,0.0,0.0,0.0,0.0,0.0,0.6311973409781763,0.547988539340617,0.0541920851465694,1.644002227988356,3.4349355990772117,0.32783069254006675,3.0915515217597367,4.1167344131593095,348.3047004783745,387.2276868139255,45.11501803156826,1234.9826114419361,0.9007946764506926,0.021250107860077683,0.8754106829346112,0.9478753500395499,
final_ood,105,two_hole,parmetis_repaired,10,1388.4,143.54496004930147,1178.0,1628.0,2476.6,283.8505866746721,2057.0,2952.0,3866.0,427.3351534022603,3236.0,4581.0,1.0197010988770192,0.005926049012451445,1.0100430416068866,1.0286441756842775,0.012785718956041556,0.0030793358896088474,0.008250161129736137,0.0175296391883473,346.5,16.75476714914959,325.0,377.0,0.0,0.0,0.0,0.0,0.0,0.0,0.0,0.0,28.9,1.9692073983655907,26.0,32.0,0.46217938759364185,0.011434891760014306,0.4511868045665324,0.4897946431301534,0.01072981716133654,0.007055517868440111,0.005517241079360247,0.02241129893809557,0.0,0.0,0.0,0.0,0.0,0.0,0.0,0.0,0.6311973409781763,0.547988539340617,0.0541920851465694,1.644002227988356,3.4349355990772117,0.32783069254006675,3.0915515217597367,4.1167344131593095,348.3047004783745,387.2276868139255,45.11501803156826,1234.9826114419361,0.9007946764506926,0.021250107860077683,0.8754106829346112,0.9478753500395499,0.0
