total_parameters,trainable_parameters,executed_path_parameters,n_samples,repeats,inference_seconds_per_sample_mean,inference_seconds_per_sample_sd,inference_seconds_per_set_mean,inference_seconds_per_set_sd,peak_gpu_allocated_bytes,peak_gpu_reserved_bytes,condition,training_seed,checkpoint
81348,81348,81348,400,3,0.0025768614878567556,1.146201334811496e-05,1.0340810700630148,0.0020496440278254644,236952064,262144000,mesh_backbone_control,41,private-source://routeA_experiments/outputs_mesh_backbone_control/main/seed_0041/mesh_backbone_residual_hddm/best_model.pt
81348,81348,81348,400,3,0.002574855306496223,8.511768545250078e-06,1.0332845232139032,0.0011075506177396512,236952064,262144000,mesh_backbone_control,42,private-source://routeA_experiments/outputs_mesh_backbone_control/main/seed_0042/mesh_backbone_residual_hddm/best_model.pt
81348,81348,81348,400,3,0.0025793596069949368,7.603136120992659e-06,1.0351000453035037,0.00042807711910253335,236952064,262144000,mesh_backbone_control,43,private-source://routeA_experiments/outputs_mesh_backbone_control/main/seed_0043/mesh_backbone_residual_hddm/best_model.pt
81348,81348,81348,400,3,0.002588979222346097,2.5929738102733157e-05,1.0389608660091956,0.0022702826245784534,236952064,262144000,mesh_backbone_control,44,private-source://routeA_experiments/outputs_mesh_backbone_control/main/seed_0044/mesh_backbone_residual_hddm/best_model.pt
81348,81348,81348,400,3,0.002576423919914911,7.402847572252187e-06,1.033910253085196,0.0011459682144448838,236952064,262144000,mesh_backbone_control,45,private-source://routeA_experiments/outputs_mesh_backbone_control/main/seed_0045/mesh_backbone_residual_hddm/best_model.pt
81348,81348,81348,400,3,0.002581164881121367,8.109903940106869e-06,1.0358214459071557,0.0007913533371969432,236952064,262144000,mesh_backbone_control,46,private-source://routeA_experiments/outputs_mesh_backbone_control/main/seed_0046/mesh_backbone_residual_hddm/best_model.pt
81348,81348,81348,400,3,0.002573715748731047,8.319082556681944e-06,1.032818322069943,0.0012844053563989778,236952064,262144000,mesh_backbone_control,47,private-source://routeA_experiments/outputs_mesh_backbone_control/main/seed_0047/mesh_backbone_residual_hddm/best_model.pt
81348,81348,81348,400,3,0.002582959938639154,7.735999053051902e-06,1.0365383674701054,0.0011333698637650447,236952064,262144000,mesh_backbone_control,48,private-source://routeA_experiments/outputs_mesh_backbone_control/main/seed_0048/mesh_backbone_residual_hddm/best_model.pt
81348,81348,81348,400,3,0.0025780035159550605,9.42342476416952e-06,1.03454765646408,0.0005035311743336824,236952064,262144000,mesh_backbone_control,49,private-source://routeA_experiments/outputs_mesh_backbone_control/main/seed_0049/mesh_backbone_residual_hddm/best_model.pt
81348,81348,81348,400,3,0.002579233021630595,7.3819975894177815e-06,1.0350371735791366,0.001143793299253717,236952064,262144000,mesh_backbone_control,50,private-source://routeA_experiments/outputs_mesh_backbone_control/main/seed_0050/mesh_backbone_residual_hddm/best_model.pt
81348,81348,81348,400,3,0.0025792221127388377,8.352587080269446e-06,1.0350479998936255,0.0007238825428531893,236952064,262144000,mesh_backbone_control,51,private-source://routeA_experiments/outputs_mesh_backbone_control/main/seed_0051/mesh_backbone_residual_hddm/best_model.pt
81348,81348,81348,400,3,0.0025812576004924873,7.605768165011095e-06,1.0358647818987567,0.0005518392730468306,236952064,262144000,mesh_backbone_control,52,private-source://routeA_experiments/outputs_mesh_backbone_control/main/seed_0052/mesh_backbone_residual_hddm/best_model.pt
81348,81348,81348,400,3,0.0025805470044724644,7.585444595079972e-06,1.0355672563115756,0.0003494480286887271,236952064,262144000,mesh_backbone_control,53,private-source://routeA_experiments/outputs_mesh_backbone_control/main/seed_0053/mesh_backbone_residual_hddm/best_model.pt
81348,81348,81348,400,3,0.0025826676019156973,1.0896588109556094e-05,1.0364284291863441,0.0007726944934965442,236952064,262144000,mesh_backbone_control,54,private-source://routeA_experiments/outputs_mesh_backbone_control/main/seed_0054/mesh_backbone_residual_hddm/best_model.pt
81348,81348,81348,400,3,0.002580603960280617,7.65799496932167e-06,1.0355937279139955,0.0001794885013469915,236952064,262144000,mesh_backbone_control,55,private-source://routeA_experiments/outputs_mesh_backbone_control/main/seed_0055/mesh_backbone_residual_hddm/best_model.pt
81348,81348,81348,400,3,0.0025886624857472877,8.597160599288775e-06,1.0388139511148136,0.0013691693529696988,236952064,262144000,mesh_backbone_control,56,private-source://routeA_experiments/outputs_mesh_backbone_control/main/seed_0056/mesh_backbone_residual_hddm/best_model.pt
81348,81348,81348,400,3,0.002580018308168898,7.401408294737175e-06,1.0353703051805496,0.0002135194293262688,236952064,262144000,mesh_backbone_control,57,private-source://routeA_experiments/outputs_mesh_backbone_control/main/seed_0057/mesh_backbone_residual_hddm/best_model.pt
81348,81348,81348,400,3,0.002590401385289927,3.1343541800536295e-05,1.0395169351249933,0.0042838120075700216,236952064,262144000,mesh_backbone_control,58,private-source://routeA_experiments/outputs_mesh_backbone_control/main/seed_0058/mesh_backbone_residual_hddm/best_model.pt
81348,81348,81348,400,3,0.0025729637771534425,7.559809168202376e-06,1.0325221254800756,0.0014402669709496028,236952064,262144000,mesh_backbone_control,59,private-source://routeA_experiments/outputs_mesh_backbone_control/main/seed_0059/mesh_backbone_residual_hddm/best_model.pt
81348,81348,81348,400,3,0.0025837760930880905,7.400059561077979e-06,1.0368650114784639,0.00020174509919559756,236952064,262144000,mesh_backbone_control,60,private-source://routeA_experiments/outputs_mesh_backbone_control/main/seed_0060/mesh_backbone_residual_hddm/best_model.pt
81348,81348,81348,400,3,0.0026042002315322557,1.5920128409771396e-05,1.0451409555971622,0.0025673585946831973,236952064,262144000,rd_hddm_alpha001,41,private-source://routeA_experiments/outputs_rd_hddm_final_20seed/main/seed_0041/mesh_backbone_residual_hddm/best_model.pt
81348,81348,81348,400,3,0.002598462258465588,9.012747914936891e-06,1.0427904290457566,0.00040339928491843426,236952064,262144000,rd_hddm_alpha001,42,private-source://routeA_experiments/outputs_rd_hddm_final_20seed/main/seed_0042/mesh_backbone_residual_hddm/best_model.pt
81348,81348,81348,400,3,0.0025957465505537887,8.564393667746584e-06,1.0417365577692788,0.0012179367723133968,236952064,262144000,rd_hddm_alpha001,43,private-source://routeA_experiments/outputs_rd_hddm_final_20seed/main/seed_0043/mesh_backbone_residual_hddm/best_model.pt
81348,81348,81348,400,3,0.0026000387920066714,9.314638329026543e-06,1.0434113036220272,0.0003261969358556735,236952064,262144000,rd_hddm_alpha001,44,private-source://routeA_experiments/outputs_rd_hddm_final_20seed/main/seed_0044/mesh_backbone_residual_hddm/best_model.pt
81348,81348,81348,400,3,0.0025987918007497985,7.020737862599292e-06,1.0429272931069136,0.0007557706250735118,236952064,262144000,rd_hddm_alpha001,45,private-source://routeA_experiments/outputs_rd_hddm_final_20seed/main/seed_0045/mesh_backbone_residual_hddm/best_model.pt
81348,81348,81348,400,3,0.0025987850471089285,8.372835581189286e-06,1.0429486722374957,0.0003806366059041124,236952064,262144000,rd_hddm_alpha001,46,private-source://routeA_experiments/outputs_rd_hddm_final_20seed/main/seed_0046/mesh_backbone_residual_hddm/best_model.pt
81348,81348,81348,400,3,0.002593965013511479,7.977024570877234e-06,1.0410086779544752,0.0007412000631695334,236952064,262144000,rd_hddm_alpha001,47,private-source://routeA_experiments/outputs_rd_hddm_final_20seed/main/seed_0047/mesh_backbone_residual_hddm/best_model.pt
81348,81348,81348,400,3,0.0026006213311726848,1.4779221131676559e-05,1.0436717461173732,0.0008452524640000653,236952064,262144000,rd_hddm_alpha001,48,private-source://routeA_experiments/outputs_rd_hddm_final_20seed/main/seed_0048/mesh_backbone_residual_hddm/best_model.pt
81348,81348,81348,400,3,0.002591527752423038,8.532769625914198e-06,1.0400544541577499,0.0008504999911043637,236952064,262144000,rd_hddm_alpha001,49,private-source://routeA_experiments/outputs_rd_hddm_final_20seed/main/seed_0049/mesh_backbone_residual_hddm/best_model.pt
81348,81348,81348,400,3,0.0025927544439521928,6.930294565395394e-06,1.0404938676704962,0.00012877361602223292,236952064,262144000,rd_hddm_alpha001,50,private-source://routeA_experiments/outputs_rd_hddm_final_20seed/main/seed_0050/mesh_backbone_residual_hddm/best_model.pt
81348,81348,81348,400,3,0.0025977139229265353,8.037002343939712e-06,1.0424961457028985,6.370972245101017e-05,236952064,262144000,rd_hddm_alpha001,51,private-source://routeA_experiments/outputs_rd_hddm_final_20seed/main/seed_0051/mesh_backbone_residual_hddm/best_model.pt
81348,81348,81348,400,3,0.002592854780765871,8.286050870938031e-06,1.040573856793344,0.0004352021681190324,236952064,262144000,rd_hddm_alpha001,52,private-source://routeA_experiments/outputs_rd_hddm_final_20seed/main/seed_0052/mesh_backbone_residual_hddm/best_model.pt
81348,81348,81348,400,3,0.002589364612940699,1.153477973364009e-05,1.03914180987825,0.000981244430533499,236952064,262144000,rd_hddm_alpha001,53,private-source://routeA_experiments/outputs_rd_hddm_final_20seed/main/seed_0053/mesh_backbone_residual_hddm/best_model.pt
81348,81348,81348,400,3,0.0025962343509308996,8.142515096520419e-06,1.0418726007143657,0.0006263447534731294,236952064,262144000,rd_hddm_alpha001,54,private-source://routeA_experiments/outputs_rd_hddm_final_20seed/main/seed_0054/mesh_backbone_residual_hddm/best_model.pt
81348,81348,81348,400,3,0.0025932785767751433,7.788585131586712e-06,1.040728465653956,0.001002253898014427,236952064,262144000,rd_hddm_alpha001,55,private-source://routeA_experiments/outputs_rd_hddm_final_20seed/main/seed_0055/mesh_backbone_residual_hddm/best_model.pt
81348,81348,81348,400,3,0.002601675039622933,8.193038145525075e-06,1.0440777003144224,0.0007504983307111591,236952064,262144000,rd_hddm_alpha001,56,private-source://routeA_experiments/outputs_rd_hddm_final_20seed/main/seed_0056/mesh_backbone_residual_hddm/best_model.pt
81348,81348,81348,400,3,0.0025978325012450416,7.938861054686671e-06,1.0425549810752273,0.0009355418688040748,236952064,262144000,rd_hddm_alpha001,57,private-source://routeA_experiments/outputs_rd_hddm_final_20seed/main/seed_0057/mesh_backbone_residual_hddm/best_model.pt
81348,81348,81348,400,3,0.002588814711974313,9.224816440374456e-06,1.0389411703993876,0.001649534896939564,236952064,262144000,rd_hddm_alpha001,58,private-source://routeA_experiments/outputs_rd_hddm_final_20seed/main/seed_0058/mesh_backbone_residual_hddm/best_model.pt
81348,81348,81348,400,3,0.0025885590615992746,8.219498594226065e-06,1.0388344191014767,0.0009844866652552959,236952064,262144000,rd_hddm_alpha001,59,private-source://routeA_experiments/outputs_rd_hddm_final_20seed/main/seed_0059/mesh_backbone_residual_hddm/best_model.pt
81348,81348,81348,400,3,0.002591358994444211,7.4543802296850865e-06,1.0399584130694468,0.00019359336626485177,236952064,262144000,rd_hddm_alpha001,60,private-source://routeA_experiments/outputs_rd_hddm_final_20seed/main/seed_0060/mesh_backbone_residual_hddm/best_model.pt
