model,training_seed,rows,path
fine_control,41,400,private-source://routeA_experiments/outputs_prospective_rd_hddm_alpha001_20seed/fine_control/seed_0041/metrics.csv
fine_control,42,400,private-source://routeA_experiments/outputs_prospective_rd_hddm_alpha001_20seed/fine_control/seed_0042/metrics.csv
fine_control,43,400,private-source://routeA_experiments/outputs_prospective_rd_hddm_alpha001_20seed/fine_control/seed_0043/metrics.csv
fine_control,44,400,private-source://routeA_experiments/outputs_prospective_rd_hddm_alpha001_20seed/fine_control/seed_0044/metrics.csv
fine_control,45,400,private-source://routeA_experiments/outputs_prospective_rd_hddm_alpha001_20seed/fine_control/seed_0045/metrics.csv
fine_control,46,400,private-source://routeA_experiments/outputs_prospective_rd_hddm_alpha001_20seed/fine_control/seed_0046/metrics.csv
fine_control,47,400,private-source://routeA_experiments/outputs_prospective_rd_hddm_alpha001_20seed/fine_control/seed_0047/metrics.csv
fine_control,48,400,private-source://routeA_experiments/outputs_prospective_rd_hddm_alpha001_20seed/fine_control/seed_0048/metrics.csv
fine_control,49,400,private-source://routeA_experiments/outputs_prospective_rd_hddm_alpha001_20seed/fine_control/seed_0049/metrics.csv
fine_control,50,400,private-source://routeA_experiments/outputs_prospective_rd_hddm_alpha001_20seed/fine_control/seed_0050/metrics.csv
fine_control,51,400,private-source://routeA_experiments/outputs_prospective_rd_hddm_alpha001_20seed/fine_control/seed_0051/metrics.csv
fine_control,52,400,private-source://routeA_experiments/outputs_prospective_rd_hddm_alpha001_20seed/fine_control/seed_0052/metrics.csv
fine_control,53,400,private-source://routeA_experiments/outputs_prospective_rd_hddm_alpha001_20seed/fine_control/seed_0053/metrics.csv
fine_control,54,400,private-source://routeA_experiments/outputs_prospective_rd_hddm_alpha001_20seed/fine_control/seed_0054/metrics.csv
fine_control,55,400,private-source://routeA_experiments/outputs_prospective_rd_hddm_alpha001_20seed/fine_control/seed_0055/metrics.csv
fine_control,56,400,private-source://routeA_experiments/outputs_prospective_rd_hddm_alpha001_20seed/fine_control/seed_0056/metrics.csv
fine_control,57,400,private-source://routeA_experiments/outputs_prospective_rd_hddm_alpha001_20seed/fine_control/seed_0057/metrics.csv
fine_control,58,400,private-source://routeA_experiments/outputs_prospective_rd_hddm_alpha001_20seed/fine_control/seed_0058/metrics.csv
fine_control,59,400,private-source://routeA_experiments/outputs_prospective_rd_hddm_alpha001_20seed/fine_control/seed_0059/metrics.csv
fine_control,60,400,private-source://routeA_experiments/outputs_prospective_rd_hddm_alpha001_20seed/fine_control/seed_0060/metrics.csv
residual_v2,41,400,private-source://routeA_experiments/outputs_prospective_rd_hddm_alpha001_20seed/residual_v2/seed_0041/metrics.csv
residual_v2,42,400,private-source://routeA_experiments/outputs_prospective_rd_hddm_alpha001_20seed/residual_v2/seed_0042/metrics.csv
residual_v2,43,400,private-source://routeA_experiments/outputs_prospective_rd_hddm_alpha001_20seed/residual_v2/seed_0043/metrics.csv
residual_v2,44,400,private-source://routeA_experiments/outputs_prospective_rd_hddm_alpha001_20seed/residual_v2/seed_0044/metrics.csv
residual_v2,45,400,private-source://routeA_experiments/outputs_prospective_rd_hddm_alpha001_20seed/residual_v2/seed_0045/metrics.csv
residual_v2,46,400,private-source://routeA_experiments/outputs_prospective_rd_hddm_alpha001_20seed/residual_v2/seed_0046/metrics.csv
residual_v2,47,400,private-source://routeA_experiments/outputs_prospective_rd_hddm_alpha001_20seed/residual_v2/seed_0047/metrics.csv
residual_v2,48,400,private-source://routeA_experiments/outputs_prospective_rd_hddm_alpha001_20seed/residual_v2/seed_0048/metrics.csv
residual_v2,49,400,private-source://routeA_experiments/outputs_prospective_rd_hddm_alpha001_20seed/residual_v2/seed_0049/metrics.csv
residual_v2,50,400,private-source://routeA_experiments/outputs_prospective_rd_hddm_alpha001_20seed/residual_v2/seed_0050/metrics.csv
residual_v2,51,400,private-source://routeA_experiments/outputs_prospective_rd_hddm_alpha001_20seed/residual_v2/seed_0051/metrics.csv
residual_v2,52,400,private-source://routeA_experiments/outputs_prospective_rd_hddm_alpha001_20seed/residual_v2/seed_0052/metrics.csv
residual_v2,53,400,private-source://routeA_experiments/outputs_prospective_rd_hddm_alpha001_20seed/residual_v2/seed_0053/metrics.csv
residual_v2,54,400,private-source://routeA_experiments/outputs_prospective_rd_hddm_alpha001_20seed/residual_v2/seed_0054/metrics.csv
residual_v2,55,400,private-source://routeA_experiments/outputs_prospective_rd_hddm_alpha001_20seed/residual_v2/seed_0055/metrics.csv
residual_v2,56,400,private-source://routeA_experiments/outputs_prospective_rd_hddm_alpha001_20seed/residual_v2/seed_0056/metrics.csv
residual_v2,57,400,private-source://routeA_experiments/outputs_prospective_rd_hddm_alpha001_20seed/residual_v2/seed_0057/metrics.csv
residual_v2,58,400,private-source://routeA_experiments/outputs_prospective_rd_hddm_alpha001_20seed/residual_v2/seed_0058/metrics.csv
residual_v2,59,400,private-source://routeA_experiments/outputs_prospective_rd_hddm_alpha001_20seed/residual_v2/seed_0059/metrics.csv
residual_v2,60,400,private-source://routeA_experiments/outputs_prospective_rd_hddm_alpha001_20seed/residual_v2/seed_0060/metrics.csv
